Title,Publication Year,Domain,URL,URL Title,Extracted Content,Recommendation,URL Date Last Modified
Heritable Human Genome Editing,2023,who.int,https://apps.who.int/iris/bitstream/handle/10665/259687/WHO-HTM-NTD-VEM-2017.07-eng.pdf,dignity,"ETHICAL ISSUES 
ASSOCIATED WITH VECTOR-BORNE DISEASES
REPORT OF A WHO SCOPING MEETING 
GENEVA, 23–24 FEBRUARY 2017
ethics
dignity
dignity
dignity
dignity
dignitydignitydistributive justice
equity
equityequityequityequity
equity
equityequity principlesprinciplesvalues
values
values autonomybeneﬁcencebeneﬁcencebeneﬁcence
beneﬁcence
bioethicsbioethicsbioethicsbioethics
conﬁdentialityconﬁdentialityconﬁdentiality
conﬁdentiality
egalitarianismegalitarianism
egalitarianism
human rightshuman rights
human rights
human rights
informed consentinformed consent
informed consent
informed consentjustice
justiceliberty
liberty libertyliberty
liberty
libertyliberty
libertynon-maleﬁcence
non-maleﬁcencenon-maleﬁcencenon-maleﬁcence
principle
principle
principleprinciple
principleprinciple
principleprinciple
privacyprivacyprivacy
privacyprocedural justiceprocedural justice
procedural justiceprocedural justice
proportionalityproportionality
proportionalitypublic goodpublic good
public good
public goodpublic good
public good
public good
public health ethics
public health ethics
public health ethicspublic health ethicspublic health ethics
reciprocityreciprocitysocial justicesocial justice
social justice
solidaritysolidarity
solidaritysolidarity
solidaritysolidarity
utilitarianism
value
valuevaluevalue
value
valuevaluevalue
value
value
distributive justicedistributive justice
distributive justicebeneﬁcence
liberty public goodETHICAL ISSUES ASSOCIATED WITH 
VECTOR-BORNE DISEASES
 REPORT OF A WHO SCOPING MEETING 
GENEVA, 23–24 FEBRUARY 2017Ethical_issues_associated_with_VC.indd   1 14/12/2017   12:02:18WHO/HTM/NTD/VEM/2017.07 and WHO/HIS/IER/REK/GHE/2017.3
© World Health Organization 2017
Some rights reserved. This work is available under the Creative Commons Attribution-NonCommercial-ShareAlike 3.0 IGO 
licence (CC BY-NC-SA 3.0 IGO; https://creativecommons.org/licenses/by-nc-sa/3.0/igo). 
Under the terms of this licence, you may copy, redistribute and adapt the work for non-commercial purposes, provided the work 
is appropriately cited, as indicated below. In any use of this work, there should be no suggestion that WHO endorses any spe -
cific organization, products or services. The use of the WHO logo is not permitted. If you adapt the work, then you must license your work under the same or equivalent Creative Commons licence. If you create a translation of this work, you should add the following disclaimer along with the suggested citation: “This translation was not created by the World Health Organization (WHO). WHO is not responsible for the content or accuracy of this translation. The original English edition shall be the binding and authentic edition”.
Any mediation relating to disputes arising under the licence shall be conducted in accordance with the mediation rules of the 
World Intellectual Property Organization.
Suggested citation. Ethical issues associated with vector-borne diseases. Report of a WHO scoping meeting, Geneva, 23–24 
February 2017. Geneva: World Health Organization; 2017. Licence: CC BY-NC-SA 3.0 IGO.
Cataloguing-in-Publication (CIP) data. CIP data are available at http://apps.who.int/iris.Sales, rights and licensing. To purchase WHO publications, see http://apps.who.int/bookorders. To submit requests for com -
mercial use and queries on rights and licensing, see http://www.who.int/about/licensing.Third-party materials. If you wish to reuse material from this work that is attributed to a third party, such as tables, figures or imag -
es, it is your responsibility to determine whether permission is needed for that reuse and to obtain permission from the copyright 
holder. The risk of claims resulting from infringement of any third-party-owned component in the work rests solely with the user.
General disclaimers. The designations employed and the presentation of the material in this publication do not imply the expres -
sion of any opinion whatsoever on the part of WHO concerning the legal status of any country, territory, city or area or of its 
authorities, or concerning the delimitation of its frontiers or boundaries. Dotted and dashed lines on maps represent approximate border lines for which there may not yet be full agreement. 
The mention of specific companies or of certain manufacturers’ products does not imply that they are endorsed or recommended 
by WHO in preference to others of a similar nature that are not mentioned. Errors and omissions excepted, the names of propri -
etary products are distinguished by initial capital letters.All reasonable precautions have been taken by WHO to verify the information contained in this publication. However, the pub -
lished material is being distributed without warranty of any kind, either expressed or implied. The responsibility for the interpretation 
and use of the material lies with the reader. In no event shall WHO be liable for damages arising from its use.
Design and layout: Patrick Tissot, WHO Neglected Tropical Diseases.Please consult the WHO Neglected Tropical Diseases website for the most up-to-date version of all documents (www.who.int/
neglected_diseases/en)
Printed in France.Acknowledgements
The World Health Organization (WHO) convened a scoping meeting to discuss ethical issues associated with vector-
borne diseases in Geneva, Switzerland on 23–24 February 2017 ( Annex 1). The meeting was organized by Abha 
Saxena (Coordinator) and Andreas Reis (Technical Officer) of the Global Health Ethics team, under the overall guidance 
of Vasee Moorthy, Coordinator of the Research, Ethics and Knowledge Management Unit, and Ties Boerma, Director of the Department of Information, Evidence and Research within the Health Systems and Innovation cluster at WHO headquarters, jointly with Raman Velayudhan, Coordinator of the Vector and Ecology Management unit, Department of Control of Neglected Tropical Diseases, HIV/AIDS, Tuberculosis, Malaria and Neglected Tropical Diseases cluster. WHO is grateful to the panel of experts who contributed to this report ( Annex 2), notably Michael Selgelid, Director of 
the Monash Bioethics Centre (a WHO Collaborating Centre for Bioethics) for his key input in the conceptualization and realization of this project.
Special thanks are due to Euzebiusz Jamrozik who served as rapporteur and developed the first draft of this report. All 
experts were invited to comment on the draft. The following experts in particular made substantive contributions and 
are also gratefully acknowledged: Florencia Luna, Cheryl Cox Macpherson, Lee Ching Ng, Ron Rosenberg, Michael Selgelid.
The input of Patrik Hummel, working as a consultant with the WHO Global Health Ethics unit, is appreciated for his 
support of the meeting, preparation of the concept note and communication with invited experts. 
This meeting would not have been possible without the support of the Zika Task Force. The partial funding of the meeting 
by a USAID grant for the Zika response is gratefully acknowledged.
Ethical_issues_associated_with_VC.indd   2 14/12/2017   12:02:18iiiContents
Executive summary  xvi
1.  Introduction  1
2.  Background  3
 2.1  Vectors, burdens and transmission  3
 2.2  Framing the ethical issues  6
3.  Environmental and social determinants of health  8
 3.1  Gender  8
 3.2 Pregnancy  9
 3.3 Childhood  12
 3.4 Environment and climate change  12
4.  Field experience  14
 4.1 Burkina Faso  14
 4.2 Cambodia  16
 4.3 Singapore  16
5.  Engagement with the community  18
6.  Vector control  20
 6.1 Vector control and elimination  20
 6.2 Vector control measures  20
 6.3 Human landing catches  25
7.  Prevention, treatment and research  26
 7.1  Prevention and treatment of malaria  26
 7.2 Research priorities for Aedes -borne diseases  27
 7.3 WHO research and development observator y  27
 7.4 Human challenge studies  28
 7.5 New technologies for vector control  29
8.  Conclusions and next steps  32
 
References  33
Annexes   35
Annex 1. Agenda  35
Annex 2. List of participants  37
Ethical_issues_associated_with_VC.indd   3 14/12/2017   12:02:18iv
Ethical issues associated with vector-borne diseasesExecutive summary
Vector-borne diseases (VBDs) are associated with heavy burdens, particularly in poor and vulnerable 
communities. Their transmission by vectors provides opportunities for specific public health interventions 
and gives rise to unique ethical issues. Despite their growing importance, ethical issues associated with VBDs have not previously been explored comprehensively. 
Many VBDs are prototypical examples of “neglected diseases”. This is ethically problematic because, when 
research and control activities are not proportional to disease burden, the consequences include avoidable harm (particularly for the poor) and failure to predict and prepare for epidemics (as was observed during the recent outbreaks of Zika virus infection and yellow fever). 
More generally, the burden of VBDs is inequitably distributed among the poor, and pregnant women 
and children are often at highest risk. Such vulnerability in terms of the social determinants of VBDs is compounded by environmental factors. When the influence of climate change increases VBD burden 
among the worst-off groups of humankind, existing global injustice is exacerbated.
Appropriate policy-making often requires explicit consideration of not only scientific but also ethical matters. 
Yet, the ethical issues that arise in VBD control and research have not previously received the analysis 
necessary to further improve public health programmes, and WHO Member States lack specific guidance 
in this area. 
On 23–24 February 2017, WHO held a scoping meeting to identify the ethical issues associated with 
VBDs. At the meeting, over 25 international and WHO experts discussed salient ethical issues and the main features of a future guidance document. They mapped the ethical issues associated with VBDs, highlighting in particular: environmental and social determinants of health, the ethics of vector control (including new technologies), relevant aspects of ethics in surveillance and research, and the ethics of mass public health interventions.
These main topics will form the basis of a project to identify and analyse ethical issues associated with 
VBDs more comprehensively, with the eventual aim of providing relevant WHO guidelines within the next two years.
Ethical_issues_associated_with_VC.indd   4 14/12/2017   12:02:181
Ethical issues associated with vector-borne diseases1. Introduction
Vector-borne diseases (VBDs) are important causes of global morbidity and mortality. More than half the 
global population is at risk, yet the burden of VBDs falls disproportionately on the poorest and the most vulnerable individuals and populations (1). Thus, poverty is closely linked to the incidence of VBDs, and the cycle of poverty and disease is self-perpetuating ( 2,3). As many of the social determinants of poor health are 
clustered in populations with high burdens of VBDs, improving public health interventions for these neglected diseases can  promote global health justice ( 2). Like other health problems of the poor, many VBDs were 
neglected for decades, with insufficient funding for surveillance, research and control, as exemplified in 
the recent outbreaks of Zika virus infection and yellow fever, with significant health consequences. Such 
emergencies highlight the urgent need to fill these gaps and implement global health policies aimed at more 
equitable distribution of resources and health benefits. 
Vectors are sensitive to environmental factors. Climate change is already increasing the burden of some VBDs, 
with a greater impact on the most vulnerable, thus exacerbating social injustices ( 4–7). Recent advances in 
science have, meanwhile, led to new vector control technologies, including genetically modified mosquitoes. 
Climate change and novel technologies thus provide additional, new reasons to ethically evaluate current and future VBD policies. Important priorities should include ensuring that inequities in disease burdens are not exacerbated, that risks are mitigated where possible, and that public health decisions (potentially affecting large populations) are based upon good gover nance and careful risk–benefit assessment.
Of the VBDs, malaria is responsible for the largest global disease burden. At the turn of the twenty-first 
century, only 2% of infants at risk for malaria in sub-Saharan Africa slept under a long-lasting insecticidal net. (versus 68% in 2015), while the disease caused over 1 million deaths in the WHO African Region annually (8). Increased funding and control of malaria since 2000 have been part of an ethical reframing of global health priorities. Improved, intensified control has averted an estimated 600 million deaths from malaria 
alone (8). However, many challenges remain for this disease and for other even more neglected VBDs.
The unique defining feature of VBDs is their transmission by vectors. Thus, their epidemiology is influenced 
by factors that affect the vectors as well as by host factors. This provides opportunities for disease control that 
Ethical_issues_associated_with_VC.indd   1 14/12/2017   12:02:182
Ethical issues associated with vector-borne diseasesare not available for other infectious diseases, and also raises ethical issues that specifically concern vector 
control and are therefore unique to VBDs. These unique issues include the ethics of coercive or mandated 
vector control, the use of insecticides (and growing vector resistance to insecticides), and research on and/or deployment of new vector control technologies. Other important, under-examined ethical issues that are not unique to VBDs, but loom large in the context, include justice implications of environmental and social determinants of health; screening and vaccination; approaches to asymptomatic infection, mass drug administration and antimicrobial resistance; and research ethics issues such as human challenge studies and the need for research on pregnant women and children. Recent outbreaks have shown that it is time to focus greater ethical attention on all these issues.
Given the wide array of issues and the lack of previous attention to the ethical issues associated with 
various aspects of VBDs, the WHO Global Health Ethics unit organized a scoping meeting in Geneva on 23–24 February 2017 to map the largely unexplored terrain of relevant ethical issues associated with VBDs, with perspectives from multiple disciplines and contexts. The meeting brought together key WHO stakeholders in VBDs, vector control, maternal and child health, ecology and climate change, research and vaccine development, communication in disease outbreaks, and independent external experts ( Annex 2). 
The external experts were selected for their contributions to technical aspects of vector biology and disease control and/or infectious disease ethics. The final aim of the project is to produce, within two years, a 
guidance document providing the first comprehensive analysis of the ethical issues raised by VBD prevention 
and control.
Presentations and discussions on day 1 provided background information on the biology, epidemiology and 
control of VBDs and the ways in which these aspects give rise to important ethical considerations. Participants focused on the ethical implications of social and environmental determinants of health in the context of VBDs. They discussed the roles of gender, pregnancy and childhood in the epidemiology and control of VBDs, and the impact of climate change. These considerations were supplemented by presentations of field experience 
in the surveillance and control of VBDs. Initial discussions addressed several cross-cutting issues, including community engagement and risk communication and vulnerability as well as important gaps in research, surveillance and control. 
Presentations and discussions on day 2 addressed ethical issues in vector control, surveillance and research 
priorities, VBD research methods and new vector control technologies. The ethical issues that were raised in standard vector control included equity of access, vector resistance, risks of rebound disease, vector elimination and potential conflicts between the benefits and risks at individual and community levels in certain 
contexts (e.g. vaccination, mass drug administration and antimicrobial resistance). The issues discussed in surveillance and research ethics included human landing catches, human challenge studies, and responding to important gaps in order to sustain and increase the benefits of disease control. New vector control 
technologies were reviewed and preliminary discussions held on governance and decision-making for future deployment.
 
Ethical_issues_associated_with_VC.indd   2 14/12/2017   12:02:183
Ethical issues associated with vector-borne diseases2. Background
2.1  Vectors, burdens and transmission  
Although billions of people are at risk for VBDs, those with multiple sources of vulnerability, such as poverty, 
insufficient access to high-quality housing and sanitation, and rural habitation (although urban vectors such as Aedes are increasingly important) are at greatest risk. While vectors usually transmit diseases between 
people (or between animals and people) over short distances, the range and speed of global travel play an increasingly important role in widespread VBD transmission. Long-distance travel by infected humans and accidental transport of infected vectors can give rise to international epidemics – as evidenced by the recent outbreaks of Zika virus infection and yellow fever.
Effective control measures require an understanding of the changing epidemiology of VBDs in humans. 
Several factors influence transmission patterns: the biology and evolutionary history of VBDs; vector behaviour 
and climate sensitivity; and human risks and behaviour. 
VBDs are associated with multiple biological phyla (Table 1), and VBD pathogens have complex life 
cycles involving humans, vectors and (in some cases) intermediate animal hosts. Many VBD pathogens evolved from zoonoses in parallel with the development of human settlements, and this evolutionary history underlies the complex life cycles and transmission patterns of VBDs, such as the way in which yellow fever outbreaks in humans follow from a cycle in monkey populations. Therefore, contemporary environmental and socioeconomic changes (e.g. in land use, agricultural expansion and climate) may increase the likelihood of animal–human transmission (“spillover”), for example by altering the dynamics of transmission among natural reservoir hosts, the geographical footprint of endemic areas, and the type and frequency of human–animal interactions. These phenomena call for multi-sector surveillance, including strengthening veterinary and wild animal surveillance and enhancing intersectoral coordination with public health agencies to improve the prediction of human epidemics. 
Ethical_issues_associated_with_VC.indd   3 14/12/2017   12:02:184
Ethical issues associated with vector-borne diseasesTable 1. Vector-borne diseases by biological category
Virus Bacteria Parasite
Dengue Plague Malaria
Yellow fever Rickettsiosis Chagas disease
Zika Borreliosis Dracunculiasis (guinea-worm disease)
Chikungunya Tularaemia Lymphatic filariasis
Japanese encephalitis Evaluate contamination effects Leishmaniasis
Crimean–Congo haemorrhagic fever Assess blinding Onchocerciasis (river blindness)
Rift Valley fever Schistosomiasis
Sandfly fever (phlebotomus fever) Human African trypanosomiasis (sleeping 
sickness)
West Nile fever
Tick-borne encephalitisBlood-feeding arthropods are the chief vectors involved (Table 2), although meeting participants also 
discussed non-arthropod-transmitted pathogens (e.g. schistosomiasis), which may raise similar ethical issues. Mosquitoes, which are extremely sensitive to environmental factors such as temperature and rainfall, transmit around 80% of human vector-borne infections. Environmental changes and resulting effects on agricultural practices can thus affect transmission. Disease control is complicated by vector behaviour, such as the long-term evolutionary adaptation of Aedes mosquitoes to breeding in ar tificial containers and, more recently, 
changing biting times in response to control interventions.
The epidemiology, and therefore the control, of VBDs depends on whether transmission via the vector is 
primarily human-to-human (e.g. malaria and dengue) or only animal-to-human (e.g. Rift Valley fever and West Nile fever) and on the rate of asymptomatic infection. The high prevalence of asymptomatic infections in many VBDs raises distinct ethical issues. For example, many cases of arboviral infection, including with Zika (about 80% asymptomatic), yellow fever and dengue viruses, produce mild or no symptoms. It is important to recognize that even infections with no or mild symptoms can contribute to disease transmission and therefore pose a risk to others. 
Better understanding of the complex interactions among animals, humans, vectors and the environment has 
improved vector control strategies, but numerous challenges remain (Box 1). 
Ethical_issues_associated_with_VC.indd   4 14/12/2017   12:02:18","Recommendation 1: No attempt to establish a pregnancy with a human embryo that has undergone genome editing should proceed unless and until it has been clearly established that it is possible to efficiently and reliably make precise genomic changes without undesired changes in human embryos. These criteria have not yet been met, and further research and review would be necessary to meet them.",NaT
Heritable Human Genome Editing,2023,who.int,https://iris.who.int/bitstream/handle/10665/341996/9789240029200-eng.pdf,ETHICS AND GOVERNANCE OF ARTIFICIAL INTELLIGENCE FOR ...,"ETHICS AND GOVERNANCE OF ARTIFICIAL INTELLIGENCE FOR HEALTH1
WHO GUIDANCEETHICS AND GOVERNANCE
OF ARTIFICIAL INTELLIGENCE
FOR HEALTHETHICS AND GOVERNANCE OF ARTIFICIAL INTELLIGENCE FOR HEALTH2
Ethics and governance of artificial intelligence for health: WHO guidance
ISBN 978-92-4-002920-0 (electronic version)
ISBN 978-92-4-002921-7 (print version)
© World Health Organization 2021
Some rights reserved. This work is available under the Creative Commons 
Attribution-NonCommercial-ShareAlike 3.0 IGO licence (CC BY-NC-SA 3.0 IGO; 
https://creativecommons.org/licenses/by-nc-sa/3.0/igo ). 
Under the terms of this licence, you may copy, redistribute and adapt the work for non-commercial purposes, 
provided the work is appropriately cited, as indicated below. In any use of this work, there should be no suggestion 
that WHO endorses any specific organization, products or services. The use of the WHO logo is not permitted. 
If you adapt the work, then you must license your work under the same or equivalent Creative Commons licence. 
If you create a translation of this work, you should add the following disclaimer along with the suggested citation: 
“This translation was not created by the World Health Organization (WHO). WHO is not responsible for the content 
or accuracy of this translation. The original English edition shall be the binding and authentic edition”. 
Any mediation relating to disputes arising under the licence shall be conducted in accordance with the mediation 
rules of the World Intellectual Property Organization 
(http://www.wipo.int/amc/en/mediation/rules/ ).
Suggested citation.  Ethics and governance of artificial intelligence for health: WHO guidance. 
Geneva: World Health Organization; 2021. Licence: CC BY-NC-SA 3.0 IGO .
Cataloguing-in-Publication (CIP) data.  CIP data are available at http://apps.who.int/iris .
Sales, rights and licensing.  To purchase WHO publications, see http://apps.who.int/bookorders . To submit 
requests for commercial use and queries on rights and licensing, see  http://www.who.int/about/licensing . 
Third-party materials.  If you wish to reuse material from this work that is attributed to a third party, such as 
tables, figures or images, it is your responsibility to determine whether permission is needed for that reuse and 
to obtain permission from the copyright holder. The risk of claims resulting from infringement of any third-party-
owned component in the work rests solely with the user.
General disclaimers.  The designations employed and the presentation of the material in this publication do not 
imply the expression of any opinion whatsoever on the part of WHO concerning the legal status of any country, 
territory, city or area or of its authorities, or concerning the delimitation of its frontiers or boundaries. Dotted and 
dashed lines on maps represent approximate border lines for which there may not yet be full agreement.
The mention of specific companies or of certain manufacturers’ products does not imply that they are endorsed or 
recommended by WHO in preference to others of a similar nature that are not mentioned. Errors and omissions 
excepted, the names of proprietary products are distinguished by initial capital letters.
All reasonable precautions have been taken by WHO to verify the information contained in this publication. 
However, the published material is being distributed without warranty of any kind, either expressed or implied. 
The responsibility for the interpretation and use of the material lies with the reader. In no event shall WHO be 
liable for damages arising from its use. 
Graphic design: The New DivisionETHICS AND GOVERNANCE OF ARTIFICIAL INTELLIGENCE FOR HEALTH3
Foreword .....................................................................................................................................................  v
Acknowledgements ................................................................................................................................  vii
Abbreviations and acronyms ...............................................................................................................  x
Executive summary .................................................................................................................................  xi
1. Introduction ..........................................................................................................................................  1
2. Artificial intelligence ..........................................................................................................................  4
3. Applications of artificial intelligence for health ......................................................................  6
 3.1 In health care................................................................................................................  6
 3.2 In health research and drug development.............................................................  11
 3.3 In health systems management and planning......................................................  12
 3.4 In public health and public health surveillance.....................................................  12
 3.5 The future of artificial intelligence for health.........................................................  15 
4. Laws, policies and principles that apply to use of artificial intelligence for health .... 17
 4.1 Artificial intelligence and human rights...................................................................  17
 4.2 Data protection laws and policies.............................................................................  19
 4.3 Existing laws and policies related to health data...................................................  19
 4.4 General principles for the development and use of artificial intelligence.......  20  
 4.5 Principles for use of artificial intelligence for health.............................................  21
 4.6 Bioethics laws and policies.........................................................................................  21
 4.7 Regulatory considerations..........................................................................................  22
5. Key ethical principles for use of artificial intelligence for health ......................................  23
 5.1 Protect autonomy.........................................................................................................  25
 5.2 Promote human well-being, human safety and the public interest..................  26
 5.3 Ensure transparency, explainability and intelligibility...........................................  26
 5.4 Foster responsibility and accountability..................................................................  28
 5.5 Ensure inclusiveness and equity................................................................................  29
 5.6 Promote artificial intelligence that is responsive and sustainable....................  30
6. Ethical challenges to use of artificial intelligence for health car e....................................  31
 6.1 Assessing whether artificial intelligence should be used....................................  31
 6.2 Artificial intelligence and the digital divide..............................................................  34
 6.3 Data collection and use...............................................................................................  35
 6.4 Accountability and responsibility for decision-making with 
  artificial intelligence......................................................................................................  41
 6.5 Autonomous decision-making...................................................................................  45
 6.6 Bias and discrimination associated with artificial intelligence............................  54
 6.7 Risks of artificial intelligence technologies to safety and cybersecurity ...........  57 CONTENTS
iiiETHICS AND GOVERNANCE OF ARTIFICIAL INTELLIGENCE FOR HEALTH4
 6.8 Impacts of artificial intelligence on labour and employment 
  in health and medicine................................................................................................  58
 6.9 Challenges in commercialization of artificial intelligence for health care........  61
 6.10 Artificial intelligence and climate change................................................................  64 
7. Building an ethical approach to use of artificial intelligence for health .........................  65
 7.1 Ethical, transparent design of technologies...........................................................  65
 7.2 Engagement and role of the public and demonstration 
  of trustworthiness to providers and patients.........................................................  69
 7.3 Impact assessment......................................................................................................  72
 7.4 Research agenda for ethical use of artificial intelligence for health care........  74
8. Liability regimes for artificial intelligence for health ............................................................  76
 8.1 Liability for use of artificial intelligence in clinical care.........................................  76
 8.2 Are machine-learning algorithms products?..........................................................  77
 8.3 Compensation for errors............................................................................................  78
 8.4 Role of regulatory agencies and pre-emption.......................................................  79
 8.5 Considerations for low- and middle-income countries........................................  79
9. Elements of a framework for governance of artificial intelligence for health ..............  81
 9.1 Governance of data......................................................................................................  81
 9.2 Control and benefit-sharing.......................................................................................  90
 9.3 Governance of the private sector..............................................................................  95
 9.4 Governance of the public sector...............................................................................  102
 9.5 Regulatory considerations..........................................................................................  105  
 9.6 Policy observatory and model legislation................................................................  110
 9.7 Global governance of artificial Intelligence.............................................................  110
References ..................................................................................................................................................  114
Annex.  Considerations for the ethical design, deployment and use of artificial 
intelligence technologies for health.......................................................................................................  135
ivETHICS AND GOVERNANCE OF ARTIFICIAL INTELLIGENCE FOR HEALTH5
FOREWORD
Ethics and Governance of Artificial Intelligence for Health
WHO Guidance
Foreword by Dr Soumya Swaminathan, Chief Scientist
”Our future is a race between the growing power of technology 
and the wisdom with which we use it.” 
Stephen Hawking 
This quote by the famed physics Nobel Laureate reminds us of the great opportunities and challenges 
that new technologies hold in the health sector and beyond. In order to harness the power of science 
and innovation, WHO’s Science Division was created in 2019 to support Member States in achieving the 
health-related Sustainable Development Goals (SDGs) and emergency preparedness and response. The 
Division provides global leadership in translating the latest in science, evidence, innovation, and digital 
solutions to improve health and health equity for all. This is in keeping with WHO’s 13th Programme of 
Work (2019-2023) which stipulates that “…WHO’s normative guidance will be informed by developments 
at the frontier of new scientific disciplines such as genomics, epigenetics, gene editing, artificial 
intelligence, and big data, all of which pose transformational opportunities but also risks to global health.”
Artificial intelligence (AI) has enormous potential for strengthening the delivery of health care and 
medicine and helping all countries achieve universal health coverage.  This includes improved diagnosis 
and clinical care, enhancing health research and drug development and assisting with the deployment 
of different public health interventions, such as disease surveillance, outbreak response, and health 
systems management. 
AI could also benefit low- and middle-income countries, especially in countries that may have significant 
gaps in health care delivery and services for which AI could play a role.  With the help of AI-based tools, 
governments could extend health care services to underserved populations, improve public health 
surveillance, and enable healthcare providers to better attend to patients and engage in complex care.  
At the same time, for AI to have a beneficial impact on public health and medicine, ethical 
considerations and human rights must be placed at the centre of the design, development, and 
deployment of AI technologies for health. For AI to be used effectively for health, existing biases in 
healthcare services and systems based on race, ethnicity, age, and gender, that are encoded in data 
used to train algorithms, must be overcome.  Governments will need to eliminate a pre-existing digital 
divide (or the uneven distribution of access to) the use of information and communication technologies.  
Such a digital divide not only limits use of AI in low- and middle-income countries but can also lead to 
the exclusion of populations in rich countries, whether based on gender, geography, culture, religion, 
language, or age.
Many of the world’s largest technology companies are investing heavily in the collection of data 
(including health data), the development of algorithms, and AI deployment. The proliferation of AI could 
lead to the delivery of healthcare services in unregulated contexts and by unregulated providers, which 
vETHICS AND GOVERNANCE OF ARTIFICIAL INTELLIGENCE FOR HEALTH6
might create challenges for government oversight of health care. Therefore, appropriate regulatory 
oversight mechanisms must be developed to make the private sector accountable and responsive 
to those who can benefit from AI products and services, and can ensure that private sector decision-
making and operations are transparent.  
If employed wisely, AI has the potential to empower patients and communities to assume control of 
their own health care and better understand their evolving needs. But if we do not take appropriate 
measures, AI could also lead to situations where decisions that should be made by providers and 
patients are transferred to machines, which would undermine human autonomy, as humans may 
neither understand how an AI technology arrives at a decision, nor be able to negotiate with a 
technology to reach a shared decision.  In the context of AI for health, autonomy means that humans 
should remain in full control of health-care systems and medical decisions.  
This WHO guidance document is the result of a two-year development process led by two Departments 
in the Science Division - Digital Health and Innovation and Research For Health. WHO has worked with 
a leading group of twenty experts to identify core principles to promote the ethical use of AI for health 
- these are the first consensus principles in this field.  The six core principles identified by the WHO 
Expert Group are the following: (1) Protect autonomy; (2) Promote human well-being, human safety, and 
the public interest; (3) Ensure transparency, explainability, and intelligibility; (4) Foster responsibility and 
accountability; (5) Ensure inclusiveness and equity; (6) Promote AI that is responsive and sustainable.
To implement these principles and human rights obligations into practice, all stakeholders, whether 
designers and programmers, providers, and patients, as well as Ministries of Health and Ministries of 
Information Technology, must work together to integrate ethical norms at every stage of a technology’s 
design, development, and deployment.  
Finally, I would like to thank all experts, stakeholders, and partners in the UN family and beyond who made 
essential contributions to the development of this document. I hope that this report will help to ensure 
that the development and use of AI for health will be guided by appropriate ethical norms and standards, 
so all populations can equally benefit from the great promise of these technologies in the future.
vi
Dr Soumya SwaminathanETHICS AND GOVERNANCE OF ARTIFICIAL INTELLIGENCE FOR HEALTH7
Development of this guidance document was led by Andreas Reis (Co-Lead, 
Health Ethics and Governance Unit, department of Research for Health) and Sameer 
Pujari (department of Digital Health and Innovation), under the overall guidance of 
John Reeder (Director, Research for Health), Bernardo Mariano (Director, Digital Health 
and Innovation) and Soumya Swaminathan (Chief Scientist). 
Rohit Malpani (consultant, France) was the lead writer. The Co-Chairs of the Expert 
Group, Effy Vayena (ETH Zurich, Switzerland) and Partha Majumder (National Institute of 
Biomedical Genomics, India), provided overall guidance for the drafting of the report. 
WHO is grateful to the following individuals who contributed to development of 
this guidance.
External expert group
Najeeb Al Shorbaji , eHealth Development Association, Jordan
Arisa Ema , Institute for Future Initiatives, The University of Tokyo, Japan  
Amel Ghoulia , H3Africa, H3ABioNet, Tunisia 
Jennifer Gibson , Joint Centre for Bioethics, Dalla Lana School of Public Health, 
 University of Toronto, Canada 
Kenneth W. Goodman , Institute for Bioethics and Health Policy, University of 
 Miami Miller School of Medicines, USA
Jeroen van den Hoven , Delft University of Technology, Netherlands
Malavika Jayaram , Digital Asia Hub, Singapore
Daudi Jjingo , Makerere University, Uganda
Tze Yun Leong , National University of Singapore, Singapore
Alex John London , Carnegie Mellon University, USA
Partha Majumder , National Institute of Biomedical Genomics, India
Tshilidzi Marwala , University of Johannesburg, South Africa
Roli Mathur , Indian Council of Medical Research, India
Timo Minssen , Centre for Advanced Studies in Biomedical Innovation Law (CeBIL), 
 Faculty of Law, University of Copenhagen, Denmark
Andrew Morris , Health Data Research UK, United Kingdom of Great Britain and   
 Northern Ireland
Daniela Paolotti , ISI Foundation, Italy
Maria Paz Canales , Derechos Digitales, Chile
Jerome Singh , University of Kwa-Zulu Natal, South Africa
Effy Vayena , ETH Zurich, Switzerland
Robyn Whittaker , University of Auckland, New Zealand
Yi Zeng , Chinese Academy of Sciences, ChinaACKNOWLEDGEMENTS
viiETHICS AND GOVERNANCE OF ARTIFICIAL INTELLIGENCE FOR HEALTH8
Observers
Tee Wee Ang , United Nations Educational, Scientific and Cultural Organization, France
Abdoulaye Banire Diallo , University of Quebec at Montreal, Canada
Julien Durand , International Federation of Pharmaceutical Manufacturers &  
 Associations (IFPMA), Switzerland
David Gruson , Jouve, France
Lee Hibbard , Council of Europe, France
Lauren Milner , US Food and Drug Administration, USA
Rasha Abdul Rahim , Amnesty Tech, United Kingdom
Elettra Ronchi , Organization for Economic Co-operation and Development, France
External reviewers
Anurag Aggarwal , Council of Scientific and Industrial Research, India
Paolo Alcini , European Medicines Agency, Netherlands
Pamela Andanda , University of Witwatersrand, South Africa
Eva Blum-Dumontet , Privacy International, United Kingdom
Marcelo Corrales Compagnucci , CeBIL, Faculty of Law, University of 
 Copenhagen, Denmark
Sara Leila Meg Davis , Graduate Institute, Switzerland
Juan M. Duran , Delft University of Technology, Netherlands
Osama El-Hassan , Dubai Health Authority, United Arab Emirates
Tomaso Falchetta , Privacy International, United Kingdom
Sara Gerke , Harvard Law School, USA
Tabitha Ha , STOP AIDS, United Kingdom
Henry Hoffman , ADA Health, Germany
Calvin Ho , University of Hong Kong, China, Hong Kong SAR
Prageeth Jayathissa , Vector Ltd, New Zealand
Otmar Kloiber , World Medical Association, France
Paulette Lacroix , International Medical Informatics Association, Canada
Hannah Yee-Fen Lim , Nanyang Technological University, Singapore
Allan Maleche , Kenya Legal and Ethical Issues Network on HIV and AIDS, Kenya
Peter Micek , Access Now, USA
Thomas Neumark , University of Oslo, Norway
Laura O’Brien , Access Now, USA
Alexandrine Pirlot de Corbion , Privacy International, United Kingdom
Léonard Van Rompaey , University of Copenhagen, Denmark
Tony Joakim Sandset , University of Oslo, Norway
Jay Shaw , Women’s College Hospital Institute for Health System Solutions 
 and Virtual Care, Canada 
Sam Smith , medConfidential, United Kingdom
David Stewart , International Council of Nurses, Switzerland
viiiETHICS AND GOVERNANCE OF ARTIFICIAL INTELLIGENCE FOR HEALTH9
External presenters at expert meetings
David Barbe , World Medical Association, USA
Elisabeth Bohn , Academy of Medical Sciences, United Kingdom
Katherine Chou , Google, USA
I. Glenn Cohen , Harvard Law School, USA
Naomi Lee , The Lancet, United Kingdom
Nada Malou , Médecins Sans Frontières, France
Vasantha Muthuswamy , Indian Council of Medical Research (retired), India
Sharon Kaur , A/P Gurmukh Singh, University of Malaya, Malaysia
Christian Stammel , Wearable Technologies, Germany
Alex Wang , Tencent, China
Kirstie Whitaker , Turing Institute, United Kingdom
Thomas Wiegand , Fraunhofer Heinrich Hertz Institute, Germany 
WHO staff
Onyema Ajuebor , Technical Officer, Health Workforce, Geneva
Shada Alsalamah , Consultant, Digital Health and Innovation, Geneva
Ryan Dimentberg , Intern, Health Ethics and Governance Unit, Geneva
Clayton Hamilton , Technical Officer, WHO Regional Office for Europe, Copenhagen
Katherine Littler , Co-Lead, Health Ethics and Governance Unit, Geneva
Rohit Malpani , Consultant, Health Ethics and Governance Unit, Geneva
Ahmed Mohamed Amin Mandil , Coordinator, Research and Innovation, 
 WHO Regional Office for the Eastern Mediterranean, Cairo
Bernardo Mariano , Chief Information Officer, Geneva
Issa T. Matta , Legal Affairs, Geneva
Vasee Moorthy , Coordinator, Research for Health, Geneva
Mohammed Hassan Nour , Technical Officer, Digital Health and Innovation, 
 WHO Regional Office for the Eastern Mediterranean, Cairo
Lee-Anne Pascoe , Consultant, Health Ethics and Governance Unit, Geneva
Sameer Pujari , Technical Officer, Digital Health and Innovation, Geneva
John Reeder, Director, Research for Health, Geneva
Andreas Reis , Co-Lead, Health Ethics and Governance Unit, Geneva
John Reeder, Director, Research for Health, Geneva
Soumya Swaminathan , Chief Scientist, Geneva
Mariam Shokralla , Consultant, Digital Health and Innovation, Geneva
Diana Zandi , Technical Officer, Integrated Health Services, Geneva
Yu Zhao , Technical Officer, Digital Health and Innovation, Geneva
 
ixETHICS AND GOVERNANCE OF ARTIFICIAL INTELLIGENCE FOR HEALTH10
AI  artificial intelligence
CeBIL   Centre for Advanced Studies in Biomedical Innovation Law 
EU  European Union
GDPR   General Data Protection Regulation
HIC  high-income countries
IP  intellectual property
LMIC   low- and middle-income countries
NHS   National Health Service (United Kingdom)
OECD   Organization for Economic Co-operation and Development
PPP  private–public partnership
SOFA   Sequential Organ Failure Assessment
UNESCO  United Nations Economic, Scientific and Cultural Organization
US  United States (of America)
USA   United States of AmericaABBREVIATIONS AND ACRONYMS
x","Recommendation 1: No attempt to establish a pregnancy with a human embryo that has undergone genome editing should proceed unless and until it has been clearly established that it is possible to efficiently and reliably make precise genomic changes without undesired changes in human embryos. These criteria have not yet been met, and further research and review would be necessary to meet them.",NaT
Heritable Human Genome Editing,2023,who.int,https://iris.who.int/bitstream/handle/10665/336075/9789240012738-eng.pdf,Ethics and vector-borne diseases: WHO guidance,"ETHICS AND VECTOR-BORNE DISEASES: WHO GUIDANCE
ETHICS AND  
VECTOR-BORNE DISEASESWHO 
GUIDANCECOVER IMAGE:  
People waiting in line under a large mango tree at 
a yellow fever vaccination site, Yade Bohou, Togo.
Source: WHO / Olivier AsselinEthics and vector-borne diseases:
WHO guidanceEthics and vector-borne diseases:  
WHO guidance
ISBN 978-92-4-001273-8 (electronic version)
ISBN 978-92-4-001274-5 (print version)
© World Health Organization 2020
Some rights reserved. This work is available under the Creative Commons Attribution-NonCommercial-ShareAlike 3.0 IGO licence 
(CC BY-NC-SA 3.0 IGO; https://creativecommons.org/licenses/by-nc-sa/3.0/igo). 
Under the terms of this licence, you may copy, redistribute and adapt the work for non-commercial purposes, provided the work 
is appropriately cited, as indicated below. In any use of this work, there should be no suggestion that WHO endorses any specific 
organization, products or services. The use of the WHO logo is not permitted. If you adapt the work, then you must license your 
work under the same or equivalent Creative Commons licence. If you create a translation of this work, you should add the following 
disclaimer along with the suggested citation: “This translation was not created by the World Health Organization (WHO). WHO is not 
responsible for the content or accuracy of this translation. The original English edition shall be the binding and authentic edition”. 
Any mediation relating to disputes arising under the licence shall be conducted in accordance with the mediation rules of the World 
Intellectual Property Organization (http://www.wipo.int/amc/en/mediation/rules/).
Suggested citation.  Ethics and vector-borne diseases: WHO guidance. Geneva: World Health Organization; 2020.  
Licence: CC BY-NC-SA 3.0 IGO .
Cataloguing-in-Publication (CIP) data.  CIP data are available at http://apps.who.int/iris.
Sales, rights and licensing. To purchase WHO publications, see http://apps.who.int/bookorders. To submit requests for 
commercial use and queries on rights and licensing, see http://www.who.int/about/licensing. 
Third-party materials. If you wish to reuse material from this work that is attributed to a third party, such as tables, figures or 
images, it is your responsibility to determine whether permission is needed for that reuse and to obtain permission from the 
copyright holder. The risk of claims resulting from infringement of any third-party-owned component in the work rests solely with 
the user.
General disclaimers.  The designations employed and the presentation of the material in this publication do not imply the 
expression of any opinion whatsoever on the part of WHO concerning the legal status of any country, territory, city or area or of its 
authorities, or concerning the delimitation of its frontiers or boundaries. Dotted and dashed lines on maps represent approximate 
border lines for which there may not yet be full agreement.
The mention of specific companies or of certain manufacturers’ products does not imply that they are endorsed or recommended 
by WHO in preference to others of a similar nature that are not mentioned. Errors and omissions excepted, the names of proprietary 
products are distinguished by initial capital letters.
All reasonable precautions have been taken by WHO to verify the information contained in this publication. However, the published 
material is being distributed without warranty of any kind, either expressed or implied. The responsibility for the interpretation and 
use of the material lies with the reader. In no event shall WHO be liable for damages arising from its use. iii
  
Contents
ACKNOWLEDGEMENTS  ..................................................................................................................... V
1. INTRODUCTION  ....................................................................................................................... 1
2. BACKGROUND  .......................................................................................................................... 3
2.1 Key facts about vector-borne diseases  .................................................................... 4
2.2 Social determinants of vector-borne diseases  ........................................................ 4
2.3		Environmental	determinants	of vector-borne diseases  .......................................... 6
3.  RELEVANT ETHICAL ISSUES AND VALUES  ....................................................................... 8
4.  ADDRESSING SOCIAL AND ENVIRONMENTAL DETERMINANTS  ............................... 10
5.  GENERAL ETHICAL CONSIDERATIONS FOR PUBLIC HEALTH INTERVENTIONS  ....13
6. VECTOR CONTROL METHODS  ........................................................................................... 17
7.  VACCINE CAMPAIGNS AND MASS DRUG ADMINISTRATION  ...................................... 25
8.		SCREENING 	AND SURVEILLANCE  ..................................................................................... 29
9. RESEARCH  .............................................................................................................................. 35
10.  COMMUNITY ENGAGEMENT  .............................................................................................. 44
REFERENCES  ...................................................................................................................................... 49ETHICS AND VECTOR-BORNE DISEASES: WHO GUIDANCE iv
Boxes
BOX	1.	 A TALE	 OF	TWO	CITIES:	SOCIAL	 DETERMINANTS	 AND	VECTOR-BORNE  
 DISEASE IN BROWNSVILLE, TEXAS, UNITED STATES OF AMERICA,  
 AND MATAMOROS, TAMAULIPAS, MEXICO  ................................................................... 5
BOX 2.  DEFORESTATION AND URBANIZATION IN GUANGDONG PROVINCE, CHINA  ........ 7
BOX 3.  MALARIA ELIMINATION IN THE EASTERN MEDITERRANEAN REGION  ................ 22
BOX	4.	 PUBLIC 	DISAPPROVAL	 OF	A PUBLIC 	HEALTH 	INTERVENTION: 	 
	 AERIAL	 APPLICATION 	OF	INSECTICIDE	 TO CONTROL	 ZIKA	VIRUS	DISEASE,  
 PUERTO RICO  ..................................................................................................................... 23
BOX 5.  MASS DRUG ADMINISTRATION TARGETING LYMPHATIC FILARIASIS  
 IN ASSAM, INDIA  ............................................................................................................... 27
BOX 6.  ETHICAL CONTROVERSY SURROUNDING THE USE OF CYD-TDV  
 DENGUE VACCINE  ............................................................................................................. 28
BOX	7.	 BETTER 	PRACTICES	 FOR	SAFER	WATER	STORAGE: 	 
	 COMPULSORY 	VECTOR 	CONTROL	 MEASURES	 AND TARGETED 	 
 SURVEILLANCE IN INDIA  ................................................................................................. 30
BOX	8.	 THE	 EYE	IN	THE	SKY:	USE	OF	DRONE	TECHNOLOGY 	 
 FOR DISEASE SURVEILLANCE IN SINGAPORE  ........................................................... 31
BOX 9.  USE OF HUMAN MOVEMENT DATA TO SHOW SPREAD  
 OF ZIKA VIRUS IN SINGAPORE  ....................................................................................... 32
BOX	10.	THE	 WORLD	MOSQUITO 	PROGRAMME: 	INFORMED 	CONSENT 	 
 IN FIELD TRIALS  ................................................................................................................ 40
BOX 11.  MALARIA HUMAN CHALLENGE STUDY IN NAIROBI, KENYA  ................................... 42
BOX 12.  CONFLICTS OVER THE RELEASE OF GENETICALLY  
 MODIFIED MOSQUITOES IN BURKINA FASO  ............................................................... 48v
 ACkNOWlEDGEmENTS
Acknowledgements
Urbanization and global health inequities.  
A girl in a hammock on a Manila street, Philippines.
Source : WHO / Anna KariETHICS AND VECTOR-BORNE DISEASES: WHO GUIDANCE vi
The development of this guidance document 
was led by Andreas Reis (Co-Lead of the Health 
Ethics and Governance Unit in the Department of 
Research for Health) and Raman Velayudhan (Head 
of the Veterinary Public Health, Vector Control and 
Environment Unit in the Department of Neglected 
Tropical Diseases), in close collaboration with 
Jan Kolaczinski (Head of the Vector Control and 
Resistance Unit in the Global Malaria Programme) 
and Mariam Otmani del Barrio (Scientist, the Special 
Programme for Research and Training in Tropical 
Diseases), under the overall guidance of John Reeder 
(Director, the Special Programme for Research 
and Training in Tropical Diseases) and Soumya 
Swaminathan (Chief Scientist).Carl Coleman (Seton Hall University School of Law, 
Newark, New Jersey, United States of America) served 
as the lead writer, and Jerome Singh (University 
of KwaZulu-Natal, South Africa, and University 
of Toronto, Canada) contributed to the writing of 
portions of the report. Overall guidance in drafting 
the report was provided by Zeb Jamrozik (Monash 
University, Australia), Florencia Luna (Latin American 
University of Social Sciences, Argentina), Carla Saenz 
(PAHO, Washington), and Michael Selgelid (Monash 
University, Australia).
WHO is grateful to the following individuals who 
contributed to the development of this guidance:
External experts
Joel Aik, Environmental Health Institute, 
National Environment Agency, Singapore
Rafael Argilés, Joint FAO/IAEA Division of Nuclear 
Techniques in Food and Agriculture, Austria
Bernard Baertschi, University of Geneva, Switzerland 
Konstantinos (Kostas) Bourtzis, Joint FAO/
IAEA Division of Nuclear Techniques in Food 
and Agriculture, Austria 
Jérémy Bouyer, Joint FAO/IAEA Division of Nuclear 
Techniques in Food and Agriculture, Austria 
Christiane Druml, Medical University Vienna, Austria 
Vijayaprasad Gopichandran, ESIC Medical College 
and Post Graduate Institute of Medical Sciences 
and Research, India
François Hirsch, INSERM, France 
Aamir Jafarey, Centre of Biomedical Ethics 
and Culture, Sindh Institute of Urology 
and Transplantation, Pakistan 
Zeb Jamrozik, Monash University, Australia 
Patricia Kingori, Ethox, University of Oxford, Nuffield 
Department of Population Health, United Kingdom 
of Great Britain and Northern Ireland 
Bocar Kouyaté, Nouna Health Research Centre, 
Burkina Faso Peter G. Kremsner, University of Tübingen, Germany 
Florencia Luna, National Scientific and Technological 
Research Council, Latin American University 
of Social Sciences, Argentina 
Cheryl Cox Macpherson, St George’s University, 
Grenada 
Lee Ching Ng, National Environment Agency, 
Singapore 
Francine Ntoumi, Congolese Foundation of Medical 
Research, University Marien Ngouabi, Congo, 
and University of Tübingen, Germany 
Ron Rosenberg, Centers for Disease Control 
and Prevention, United States of America 
Thomas Scott, University of California at Davis, 
United States of America
Michael Selgelid, Monash University, Australia 
Seema Shah, Lurie Children's Hospital of Chicago 
and Northwestern University, United States 
of America
Jerome Singh, University of KwaZulu-Natal, South 
Africa, and University of Toronto, Canada 
Hanano Yamada, Joint FAO/IAEA Division of Nuclear 
Techniques in Food and Agriculture, Austria vii
 ACkNOWlEDGEmENTS
External reviewers
Ronald Bayer, Columbia University Mailman School 
of Public Health, United States of America
Salome R.A. Bukachi, University of Nairobi, Kenya
Claudia Emerson, Institute on Ethics and Policy for 
Innovation, McMaster University, CanadaStephanie James, Foundation for the National 
Institutes of Health, United States of America
Michael Penkunas, United Nations University 
International Institute for Global Health, Malaysia
Karen Tountas, Foundation for the National 
Institutes of Health, Bethesda, Maryland, United 
States of America
WHO staff
Tasnim Azim, Regional Ethics Focal Point, Regional 
Office for South-East Asia, New Delhi
Ties Boerma, Director (retired), Health Systems and 
Innovation, Information, Evidence and Research, 
Geneva
Lauren Carrington, Veterinary Public Health, Vector 
Control and Environment unit, Department of 
Neglected Tropical Diseases, Geneva
Anna Drexler, Technical Officer, Vector and Ecology 
Management, Geneva 
Gaya Gamhewage, Manager, WHO Health 
Emergencies Programme, Infectious Hazards 
Management, Experts Networks and 
Interventions, Geneva 
Ki-Hyun Hahm, Technical Officer, WHO Regional 
Office for the Western Pacific, Division of Health 
Systems, Manila 
Margaret Harris, WHO Health Emergencies 
Programme, Infectious Hazard 
Management, Geneva 
Patrik Hummel, Consultant, Research, Ethics 
and Knowledge Management, Global Health 
Ethics, Geneva
Ronnie Johnson, Scientist, Family, Women’s 
and Children’s Health, Reproductive Health and 
Research, Maternal Perinatal Health, Prevent Unsafe 
Abortion, Geneva 
Vannda Kab, Technical Officer, WHO Country 
Office, Cambodia Jan Kolaczinski, Head of Vector Control 
and Resistance Unit in the Global Malaria 
Programme, Geneva
Marion Law, Prequalification Unit, Regulation and 
Prequalification Department, Access to Medicines 
and Health Products Division, Geneva
Katherine Littler, Co-Lead, Health Ethics and 
Governance Unit, Geneva
Ahmed Mandil, Coordinator, Research and 
Innovation, WHO Regional Office for the Eastern 
Mediterranean, Cairo
Jeannette Martinez, Prequalification Unit, Regulation 
and Prequalification Department, Access to 
Medicines and Health Products Division, Geneva 
Vasee Moorthy, Coordinator, Health Systems 
and Innovation, Information, Evidence and 
Research, Research, Ethics and Knowledge 
Management, Geneva 
Mariam Otmani del Barrio, Technical Officer, 
HIV/AIDS, Tuberculosis, Malaria and Neglected 
Tropical Diseases, WHO Special Programme for 
Research and Training in Tropical Diseases, Vectors, 
Environment and Society, Geneva 
Lee-Anne Pascoe, Consultant, Health Ethics and 
Governance Unit, Geneva
Martha Quinones Pinzon, Technical Officer, HIV/
AIDS, Tuberculosis, Malaria and Neglected Tropical 
Diseases, Global Malaria Programme, Entomology 
and Vector Control, Geneva ETHICS AND VECTOR-BORNE DISEASES: WHO GUIDANCE viii
Caron Rahn Kim, Medical Officer, Family, Women’s 
and Children’s Health, Reproductive Health and 
Research, Maternal Perinatal Health, Prevent Unsafe 
Abortion, Geneva 
Nigel Rollins, Medical Officer, Family, Women’s 
and Children’s Health, Maternal, Newborn, 
Child and Adolescent Health, Research and 
Development, Geneva 
Carla Saenz, Regional Bioethics Advisor, 
PAHO, Washington
Abha Saxena, Coordinator (retired), Research, 
Ethics and Knowledge Management, Global Health 
Ethics, Geneva 
Dominic Schuler, Vector Control Products 
Assessment, Prequalification Department, GenevaSoumya Swaminathan, Chief Scientist, Geneva
Rajpal Singh Yadav, Scientist, Veterinary Public 
Health, Vector Control and Environment Unit, 
Department of Neglected Tropical Diseases, Geneva
Kirsten Vannice, Scientist, Family, Women’s and 
Children’s Health, Immunization, Vaccines and 
Biologicals, Initiative for Vaccine Research, Geneva 
Raman Velayudhan, Head, Veterinary Public Health, 
Vector Control and Environment unit, Department of 
Neglected Tropical Diseases, Geneva
Sina Zintzmeyer, Project Management Officer, Polio, 
Emergencies and Country Collaboration, Enabling 
Functions, Zika Emergency Response, Geneva
Funding agencies
João Rangel de Almeida, Wellcome Trust, 
United Kingdom
Susanna Hausmann Muela, Federal Department 
of Foreign Affairs, Swiss Agency for Development 
and Cooperation, Switzerland
The project was funded in part by a grant from 
the Wellcome Trust.","Recommendation 1: No attempt to establish a pregnancy with a human embryo that has undergone genome editing should proceed unless and until it has been clearly established that it is possible to efficiently and reliably make precise genomic changes without undesired changes in human embryos. These criteria have not yet been met, and further research and review would be necessary to meet them.",NaT
Heritable Human Genome Editing,2023,who.int,https://apps.who.int/iris/bitstream/handle/10665/341370/9789240025233-eng.pdf?s,Guidance framework for testing genetically modified mosquitoes ...,"GUIDANCE 
 FRAMEWORK  
FOR TESTING 
 GENETICALLY 
 MODIFIED 
MOSQUITOES
Second editionGUIDANCE 
 FRAMEWORK  
FOR TESTING 
 GENETICALLY 
 MODIFIED 
MOSQUITOES
Second editionGuidance framework for testing genetically modified mosquitoes, second edition
ISBN 978-92-4-002523-3 (electronic version)
ISBN 978-92-4-002524-0 (print version)
© World Health Organization on behalf of  
the Special Programme for Research and Training in Tropical Diseases, 2021
Some rights reserved. This work is available under the Creative Commons Attribution-NonCommercial-ShareAlike 
3.0 IGO licence (CC BY-NC-SA 3.0 IGO; https://creativecommons.org/licenses/by-nc-sa/3.0/igo ). 
Under the terms of this licence, you may copy, redistribute and adapt the work for non-commercial purposes, 
provided the work is appropriately cited, as indicated below. In any use of this work, there should be no 
suggestion that WHO, including TDR, endorses any specific organization, products or services. The use of the 
WHO and TDR logos is not permitted. If you adapt the work, then you must license your work under the same 
or equivalent Creative Commons licence. If you create a translation of this work, you should add the following 
disclaimer along with the suggested citation: “This translation was not created by the World Health Organization 
(WHO) or by the Special Programme for Research and Training in Tropical Diseases (TDR). WHO, including TDR 
is not responsible for the content or accuracy of this translation. The original English edition shall be the binding 
and authentic edition”.
Any mediation relating to disputes arising under the licence shall be conducted in accordance with the mediation 
rules of the World Intellectual Property Organization.
Suggested citation. Guidance framework for testing genetically modified mosquitoes, second edition. Geneva: 
World Health Organization; 2021. Licence: CC BY-NC-SA 3.0 IGO .
Cataloguing-in-Publication (CIP) data. CIP data are available at http://apps.who.int/iris .
Sales, rights and licensing. To purchase WHO publications, see http://apps.who.int/bookorders . To submit 
requests for commercial use and queries on rights and licensing, see http://www.who.int/about/licensing .
Third-party materials.  If you wish to reuse material from this work that is attributed to a third party, such as tables, 
figures or images, it is your responsibility to determine whether permission is needed for that reuse and to obtain 
permission from the copyright holder. The risk of claims resulting from infringement of any third-party-owned 
component in the work rests solely with the user.
General disclaimers. The designations employed and the presentation of the material in this publication do 
not imply the expression of any opinion whatsoever on the part of WHO, including TDR, concerning the legal 
status of any country, territory, city or area or of its authorities, or concerning the delimitation of its frontiers or 
boundaries. Dotted and dashed lines on maps represent approximate border lines for which there may not yet be 
full agreement. 
The mention of specific companies or of certain manufacturers’ products does not imply that they are endorsed or 
recommended by WHO, including TDR, in preference to others of a similar nature that are not mentioned. Errors 
and omissions excepted, the names of proprietary products are distinguished by initial capital letters.
All reasonable precautions have been taken by WHO, including TDR, to verify the information contained in this 
publication. However, the published material is being distributed without warranty of any kind, either expressed or 
implied. The responsibility for the interpretation and use of the material lies with the reader. In no event shall WHO, 
including TDR, be liable for damages arising from its use. 
Layout and cover design: M Booth HealthForeword  ...................................................................................................................................... v
Acknowledgements ................................................................................................................... ix 
Abbreviations  ............................................................................................................................. xi
Glossary.  .................................................................................................................................... xiii
Executive summary.  ................................................................................................................. xix
1. Introduction  .............................................................................................................................. 1
 1.1 GMM strategies  .............................................................................................................................. 3
 1.2 GMM approaches  .......................................................................................................................... 4
 1.3 Characteristics of GMMs  ............................................................................................................. 11
 1.4 Potential utility of GMMs  ............................................................................................................ 12
 1.5 GMM testing pathways  .............................................................................................................. 13
 1.6 Decision-making  ........................................................................................................................... 17
 1.7 Critical pathway for GMMs ........................................................................................................ 18
2. Efficacy. evaluation  ............................................................................................................... 25
 2.1 Efficacy end points of GMMs  .................................................................................................. 27
 2.2 Trial planning considerations  .................................................................................................. 29
 2.3 Entomological efficacy studies  .............................................................................................. 33
 2.4 Epidemiological trial design  ..................................................................................................... 37
 2.5 Implementation and post-implementation surveillance  ................................................. 39
 2.6 Efficacy measurement at different testing phases  .......................................................... 40
 2.7 Co-development and capacity strengthening  .................................................................. 45
3. Safety. evaluation  .................................................................................................................. 50
 3.1 Risk analysis  .................................................................................................................................... 51
 3.2 Types of risk assessment  .......................................................................................................... 55
 3.3 Site characteristics  ....................................................................................................................... 56
 3.4 Appropriate comparators  .......................................................................................................... 56
 3.5 Hazard considerations  ............................................................................................................... 57
 3.6 Utility of mathematical modelling for risk assessment  ..................................................... 62Contents
iii 3.7 Target safety profile  ..................................................................................................................... 63
 3.8 Risk assessment and management at different testing phases  ................................... 64
 3.9 Safety review  ............................................................................................................................... 79
 3.10 Impact assessment  .................................................................................................................... 79
 3.11 Co-development and capacity strengthening  .................................................................. 80
4. Ethical considerations  ......................................................................................................... 87
 4.1 Role of ethics and engagement in science and technology  ....................................... 89
 4.2 Ethics issues  ................................................................................................................................. 90
 4.3 A strategy for ethical engagement  ..................................................................................... 100
 4.4 A tailored, early, sustained engagement process  .......................................................... 104
 4.5 Engagement at different testing phases  ........................................................................... 108
 4.6 Capacity strengthening for ethical engagement  ............................................................ 113
5. Regulatory. frameworks  ...................................................................................................... 119
 5.1 The purpose of regulations ................................................................................................... 120
 5.2 Local oversight bodies  ............................................................................................................ 121
 5.3 Relevant regulation and regulatory precedents  ............................................................. 123
 5.4 Other guidance and recommendations  ............................................................................. 127
 5.5 Regulation at different testing phases  ................................................................................ 131
 5.6 Additional considerations pertinent to GMMs regulation  ............................................ 135
Annex 1. Additional information on relevant international organizations,  
treaties and covenants  .......................................................................................................... 142
Annex 2. Examples of national legislation and regulation pertaining to GMMs  ........... 152
Annex 3. Selected further reading  ....................................................................................... 162
Guidance framework for testing genetically modified mosquitoes, second edition
ivVector-borne diseases are endemic in more than 100 countries and affect approximately half of the 
world’s population (1). Many types of arthropods may serve as disease vectors, but this guidance 
focuses particularly on mosquitoes. Mosquitoes transmit several diseases of major global public 
health importance, including malaria and dengue fever (1). In fact, mosquitoes have been called the 
deadliest animal on earth (2).
Malaria is still considered the world’s most important parasitic infectious disease. Intensive deployment 
of currently available malaria control tools over the past two decades has greatly reduced malaria 
incidence (3). However, this overall trend has slowed in recent years, and even reversed in some parts 
of Africa (4, 5). The Global technical strategy for malaria 2016–2030 (6)  sets a target of reducing global 
malaria incidence and mortality rates by at least 90% by 2030 (compared to 2015 levels). Yet, it is widely 
acknowledged that eliminating malaria in all countries, especially those with a high disease burden, 
will likely require new tools that are not available today (6–8) . Therefore, investing in research and 
development of innovative vector control tools has been identified as a priority (9). 
An estimated 2.5 billion people live in areas where dengue viruses can be transmitted. Dengue has 
been called the most important mosquito-borne viral disease with epidemic potential in the world, citing 
a 30-fold increase in the global incidence of dengue over the past 50 years, and recognizing that the 
human and economic costs are staggering. The number of cases reported increased from 2.2 million 
in 2010 to over 3.34 million in 2016 (10). Outbreaks and epidemics of other viruses carried by the same 
mosquitoes that transmit dengue have occurred in Africa, the Americas, Asia and the Pacific (1, 11).
Attacking mosquito vectors is one of the most effective ways to reduce the transmission of these 
diseases in endemic areas  (12). Application of mosquito population reduction methods was central 
to the successful elimination of malaria transmission in Italy and the United States of America in 
the early 20th century (13) and, transiently, of dengue in the Americas in the early 1960s (14). Vector-
targeted approaches remain a mainstay of current disease control practices. However, given the Foreword
Dr Soumya Swaminathan
Chief Scientist &  
WHO Special Coordinator for TDR  
World Health Organization
vmagnitude of ongoing malaria and dengue incidence, current efforts clearly are insufficient to meet 
the need. Moreover, dependence on a limited number of insecticides for vector control increases 
the risk that mosquitoes will develop resistance (15), exacerbating the problem. Insecticide resistance 
is being reported in over three quarters of countries with ongoing malaria transmission, and such 
resistance affects all major vector species and classes of insecticide (7). Resistance to all four classes 
of insecticide has also been reported in Aedes  arbovirus vectors in the Americas, Asia and Africa (16). 
In considering the potential of new technologies to address the unmet needs of mosquito control, 
it is necessary to evaluate the benefits and risks in the context of the current situation. The 
potential public health benefit of practical and effective new tools to reduce or even eliminate 
diseases such as malaria and dengue is clear and widely recognized (17). Both the risks incurred 
by testing new and unproven control strategies and the risks to human health and the environment 
posed by maintaining the status quo, which include ongoing health (morbidity and mortality), 
environmental (use of broad-spectrum insecticides) and economic (18–20)  impacts, should be 
taken into account in decision-making.
For more than two decades, scientists have been working to harness the promise of molecular 
biology to develop genetically modified mosquitoes (GMMs) for use as public health tools to 
prevent the transmission of these diseases. The introduction of molecular biology techniques 
represents the next step in a progression that builds on the widespread success of programmes 
employing release of radiation-sterilized insects to control the Mediterranean fruit fly (Medfly) and 
other insect pests affecting plants and animals, a process known as the sterile insect technique 
(SIT) (21). Radiation- and chemo-sterilization, sometimes in combination with biological sterilization 
methods, have been applied to mosquitoes (22–24) . However, genetic modification technologies 
offer additional options for specificity and durability of effect, as well as adaptability to different 
disease transmission conditions. Advances in the development of GMMs have raised hopes for 
the availability of new, potent and cost-effective tools to aid in the fight against malaria, dengue 
and other mosquito-borne pathogens. Data on which to base the evaluation of GMMs’ protective 
potential can only be collected through testing, including testing under the natural conditions in 
which the technology would be utilized. Without the ability to conduct careful and rigorous testing, 
no new technology of any kind can be brought to fruition for the public good.  
Some of these genetic technologies are now advancing to field testing. Field testing of GMMs began 
with releases of non-replicating male mosquitoes (which do not bite) (25–27) . The first field release 
of non-sterile, self-limiting GMMs was announced in 2019 (28). To date, no gene drive-modified 
mosquitoes (GDMMs)1 have been tested in the field. Given the novelty of GMMs, and particularly 
GDMMs, concerns have been raised in a number of forums about the need for thorough, thoughtful 
and transparent preparation for and conduct of field trials. Frameworks for risk assessment and 
regulation have been produced at various levels (reviewed in Sections 3 and 5 of this guidance).
As the research progresses, a need has been expressed, both within the scientific community and 
by the public, for additional standards and guidance. The Special Programme for Research and 
Training in Tropical Diseases of the World Health Organization (WHO-TDR) and the Foundation 
1  GMMs are defined here as mosquitoes that have traits derived through the use of recombinant DNA technology 
(see Glossary), and thus GDMMs refer to mosquitoes modified with engineered gene drive systems.
Guidance framework for testing genetically modified mosquitoes, second edition
viviiForeword
for the National Institutes of Health (FNIH) co-sponsored a technical consultation meeting in 2009 
to assess the current progress and future development of GMM technologies. The meeting was 
attended by an international group of participants with expertise in molecular biology, medical 
entomology, ecology, regulatory requirements, and ethical, social and cultural issues, as well as 
staff from WHO, FNIH and other research funders (29). Participants recommended that WHO and 
FNIH establish a working group to develop a comprehensive guidance framework to provide 
quality standards for assessing the safety and effi cacy of GMMs and addressing legal, ethical, 
social and cultural issues that may arise during their development and deployment. A subsequent 
multidisciplinary, multiyear eff ort was commissioned, resulting in the publication of the first WHO  
Guidance framework for testing genetically modified mosquitoes in 2014 (30). Because of the 
breadth of potential genetic approaches and conditions under which they might be used, the 2014 
Guidance framework did not offer precise instructions for testing GMMs, but aimed to support 
informed and thoughtful process development. Best practices for efficacy and safety testing were 
proposed that complement those used for trials of other new public health tools, including drugs, 
vaccines and insecticides, and draw also from relevant experience in agriculture and biocontrol. 
The 2014 Guidance framework examined fundamental considerations for addressing public 
engagement and transparency needs in GMM research, taking into account lessons learned from 
previous introductions of new technologies in the fields of health and agriculture. It also reviewed 
existing regulatory requirements and guidance that were either directly pertinent to research 
on GMMs or were considered to provide precedents for establishing the appropriate level of 
oversight. Best practices set forth in the 2014 Guidance framework have had broad influence on 
the thinking about the research and development of GMMs and GDMMs (31–34). 
The Guidance framework was envisioned as a living document, to be updated as necessary 
to keep pace with the research on GMMs and GDMMs. This revised version of the  Guidance 
framework for testing of genetically modified mosquitoes takes into account the technical 
progress made and lessons learned since 2014 in this rapidly advancing field of research. Like the 
original Guidance framework, it is intended to provide standards that foster quality and 
consistency in the processes for developing, testing and regulating these new genetic 
technologies. Best practices recommended in the 2021 Guidance framework will further contribute 
to the comparability of results and credibility of conclusions in order to facilitate decision-making 
by countries interested in the potential use of GMMs as public health tools for the control of vector-
borne diseases.
References
 1. Fact sheet: vector-borne diseases. Geneva: World Health Organization; 2020 (https://www.who.int/news-room/  
fact-sheets/detail/vector-borne-diseases, accessed 15 January 2020).
 2. Kamerow D. The world’s deadliest animal. BMJ. 2014;348:g3258. doi:10.1136/bmj.g3258.
 3. Bhatt S, Weiss DJ, Cameron L, Bisanzio D, Mappin B, Dalrymple U, et al. The effect of malaria control on Plasmodium 
falciparum  in Africa between 2000 and 2015. Nature. 2015;526:207–11. doi:10.1038/nature15535.
 4. World malaria report 2018. Geneva: World Health Organization; 2018 (https://apps.who.int/iris/bitstream/handle/  
10665/275867/9789241565653-eng.pdf, accessed 15 January 2020). 
 5. World malaria report 2019. Geneva: World Health Organization; 2019 (https://apps.who.int/iris/bitstream/handle/  
10665/330011/9789241565721-eng.pdf, accessed 15 January 2020).
 6. Global technical strategy for malaria 2016–2030. Geneva: World Health Organization; 2015 (https://apps.who.int/iris/
bitstream/handle/10665/176712/9789241564991_eng.pdf, accessed 15 January 2020). 
 7. Global report on insecticide resistance in malaria vectors: 2010–2016. Geneva: World Health Organization; 2018  
(https://apps.who.int/iris/bitstream/handle/10665/272533/9789241514057-eng.pdf, accessed 15 January 2020).
 8. Eliminating malaria. Geneva: World Health Organization; 2016 (WHO/HTM/GMP/2016.3;  https://apps.who.int/iris/
bitstream/handle/10665/205565/WHO_HTM_GMP_2016.3_eng.pdf, accessed 15 January 2020).
 9. Update on the E-2020 initiative of 21 malaria-eliminating countries. Geneva: World Health Organization; 2018  
(https://apps.who.int/iris/bitstream/handle/10665/272724/WHO-CDS-GMP-2018.10-eng.pdf, accessed 15 January 2020).  
 10. Fact sheet: dengue and severe dengue. Geneva: World Health Organization; 2020  
(https://www.who.int/news-room/fact-sheets/detail/dengue-and-severe-dengue, accessed 15 January 2020).
 11. Fact sheet: Zika virus. Geneva: World Health Organization; 2018 (https://www.who.int/news-room/fact-sheets/detail/  
zika-virus, accessed 15 January 2020). 
 12. Wilson AL, Courtenay O, Kelly-Hope LA, Scott TW, Takken W, Torr SJ, et al. The importance of vector control for the control 
and elimination of vector-borne diseases. PLoS Negl Trop Dis. 2020;14:e0007831. doi:10.1371/journal.pntd.007831.
 13. Kitron U, Spielman A. Suppression of transmission of malaria through source reduction: antianopheline measures 
applied in Israel, the United States, and Italy. Rev Infect Dis. 1989;11:391–406. doi:10.1093/clinids/11.3.391.
 14. Pinheiro FP, Corber SJ. Global situation of dengue and dengue hemorrhagic fever, and its emergence in the Americas. 
World Health Stat Q. 1997;50:161–9. (https://apps.who.int/iris/handle/10665/55167, accessed 15 January 2020).
 15. Butler D. Mosquitoes score in chemical war. Nature. 2011;475:19. doi:10.1038/475019a.
 16. Moyes CL, Vontas J, Martins AJ, Ng LC, Koou SY, Dusfour I, et al. Contemporary status of insecticide resistance in  
the major Aedes  vectors of arboviruses infecting humans. PLoS Negl Trop Dis. 2017;11: e0005625. doi:10.1371/  
journal.pntd.0005625.
 17. Evaluation of genetically modified mosquitoes for the control of vector-borne diseases: position statement, October 
2020. Geneva: World Health Organization; 2020 (https://apps.who.int/iris/bitstream/handle/10665/336031/  
9789240013155-eng.pdf, accessed 20 December 2020).
 18. Shepard DS, Undurraga EA, Halasa YA, Stanaway JD. The global economic burden of dengue: a systemic analysis. 
Lancet Infect Dis. 2016;16:935–41. doi:10.1016/S1473-3099(16)00146-8).
 19. Economic impact of malaria. Geneva: RBM Partnership to End Malaria; 2020 (https://endmalaria.org/economic-impact-
malaria, accessed 20 January 2020).
 20. Chapter 11: economic impact of Zika virus. In: Qureshi AI, editor. Zika virus disease from origin to impact. Cambridge: Academic 
Press; 2018, 137–42. (https://www.sciencedirect.com/science/article/pii/B9780128123652000123, accessed 16 June 2020).
 21. Dyck VA,  Hendrichs  J, Robinson AS, editors. Sterile insect technique:  principles and practice in area-wide integrated 
pest management. Dordrecht: Springer Netherlands; 2005.
 22. Dame DA, Curtis CF, Benedict MQ, Robinson AS, Knols BGJ. Historical applications of induced sterilisation in field 
populations of mosquitoes. Malar J. 2009;8(Suppl. 2):S2. doi:10.1186/1475-2875-8-S2-S2.
 23. Lees RS, Gilles JRL, Hendrichs J, Hendrichs J, Vreysen MJB, Bourtzis K. Back to the future: the sterile insect technique 
against mosquito disease vectors. Curr Opinion Insect Sci. 2015;10:156–62. doi:10.1016/j.cois.2015.05.011.
 24. World Health Organization, The International Atomic Energy Agency. Guidance framework for testing the sterile insect 
technique as a vector control tool against Aedes -borne diseases. Geneva: World Health Organization; 2020  
(https://apps.who.int/iris/bitstream/handle/10665/331679/9789240002371-eng.pdf, accessed 1 December 2020).
Guidance framework for testing genetically modified mosquitoes, second edition
viii","Recommendation 1: No attempt to establish a pregnancy with a human embryo that has undergone genome editing should proceed unless and until it has been clearly established that it is possible to efficiently and reliably make precise genomic changes without undesired changes in human embryos. These criteria have not yet been met, and further research and review would be necessary to meet them.",NaT
Heritable Human Genome Editing,2023,who.int,https://iris.who.int/bitstream/handle/10665/373128/9789240078116-eng.pdf?sequence=1,WHO Expert Committee on Biological Standardization: seventy ...,"WHO Technical Report Series
1048
WHO Expert Committee
on Biological
Standardization
Seventy-seventh reportThe World Health Organization was established in 1948 as a specialized agency of the 
United Nations serving as the directing and coordinating authority for international health matters and public health. One of WHO’s constitutional functions is to provide objective and reliable information and advice in the field of human health, a responsibility that it fulfils in part through its extensive programme of publications.
The Organization seeks through its publications to support national health strategies 
and address the most pressing public health concerns of populations around the world. To respond to the needs of Member States at all levels of development, WHO publishes practical manuals, handbooks and training material for specific categories of health workers; internationally applicable guidelines and standards; reviews and analyses of health policies, programmes and research; and state-of-the-art consensus reports that offer technical advice and recommendations for decision-makers. These books are closely tied to the Organization’s priority activities, encompassing disease prevention and control, the development of equitable health systems based on primary health care, and health promotion for individuals and communities. Progress towards better health for all also demands the global dissemination and exchange of information that draws on the knowledge and experience of all countries and the collaboration of world leaders in public health and the biomedical sciences.
To ensure the widest possible availability of authoritative information and guidance on 
health matters, WHO secures the broad international distribution of its publications and encourages their translation and adaptation. By helping to promote and protect health and prevent and control disease throughout the world, WHO’s books contribute to achieving the Organization’s principal objective – the attainment by all people of the highest possible level of health.
The WHO Technical Report Series makes available the findings of various international 
groups of experts that provide WHO with the latest scientific and technical advice on 
a broad range of medical and public health subjects. Members of such expert groups serve without remuneration in their personal capacities rather than as representatives of governments or other bodies; their views do not necessarily reflect the decisions or the stated policy of WHO.
To purchase WHO publications, please contact: WHO Press, World Health Organization, 
20 Avenue Appia, 1211 Geneva 27, Switzerland; email: bookorders@who.int; order online: www.who.int/bookorders.WHO Technical Report Series
1048
Seventy-seventh reportWHO Expert Committee
on BiologicalStandardization
This report contains the collective views of an international group of experts and  
does not necessarily represent the decisions or the stated policy of the World Health OrganizationWHO Expert Committee on Biological Standardization: seventy-seventh report
(WHO Technical Report Series, No. 1048)
ISBN 978-92-4-007811-6 (electronic version)
ISBN 978-92-4-007812-3 (print version)
ISSN 0512-3054
© World Health Organization 2023
Some rights reserved. This work is available under the Creative Commons Attribution-NonCommercial-
ShareAlike 3.0 IGO licence (CC BY-NC-SA 3.0 IGO; https://creativecommons.org/licenses/by-nc-sa/3.0/igo).
Under the terms of this licence, you may copy, redistribute and adapt the work for non-commercial 
purposes, provided the work is appropriately cited, as indicated below. In any use of this work, there should be no suggestion that WHO endorses any specific organization, products or services. The use of the WHO logo is not permitted. If you adapt the work, then you must license your work under the same or equivalent Creative Commons licence. If you create a translation of this work, you should add the following disclaimer along with the suggested citation: “This translation was not created by the World Health Organization (WHO). WHO is not responsible for the content or accuracy of this translation. The original English edition shall be the binding and authentic edition” .
Any mediation relating to disputes arising under the licence shall be conducted in accordance with 
the mediation rules of the World Intellectual Property Organization (http://www.wipo.int/amc/en/mediation/rules/).
Suggested citation. WHO Expert Committee on Biological Standardization: seventy-seventh report. 
Geneva: World Health Organization; 2023 (WHO Technical Report Series, No. 1048). Licence: CC BY - 
NC-SA 3.0 IGO.
Cataloguing-in-Publication (CIP) data. CIP data are available at http://apps.who.int/iris .
Sales, rights and licensing. To purchase WHO publications, see https://www.who.int/publications/
book-orders . To submit requests for commercial use and queries on rights and licensing, see https://
www.who.int/copyright .
Third-party materials. If you wish to reuse material from this work that is attributed to a third party, 
such as tables, figures or images, it is your responsibility to determine whether permission is needed for that reuse and to obtain permission from the copyright holder. The risk of claims resulting from infringement of any third-party-owned component in the work rests solely with the user.
General disclaimers. The designations employed and the presentation of the material in this 
publication do not imply the expression of any opinion whatsoever on the part of WHO concerning the legal status of any country, territory, city or area or of its authorities, or concerning the delimitation of its frontiers or boundaries. Dotted and dashed lines on maps represent approximate border lines for which there may not yet be full agreement.
The mention of specific companies or of certain manufacturers’ products does not imply that they 
are endorsed or recommended by WHO in preference to others of a similar nature that are not mentioned. Errors and omissions excepted, the names of proprietary products are distinguished by initial capital letters.
All reasonable precautions have been taken by WHO to verify the information contained in this 
publication. However, the published material is being distributed without warranty of any kind, either expressed or implied. The responsibility for the interpretation and use of the material lies with the reader. In no event shall WHO be liable for damages arising from its use.
This publication contains the collective views of an international group of experts and does not 
necessarily represent the decisions or the policies of WHO.
Layout by Interligar - Branding & DesignContents
Abbreviations  xii
1. Introduction  1
2. General  4
2.1 Strategic directions in biological standardization 4
2.1.1 Vaccines, biotherapeutics, and cell, tissue and gene therapy products:  
recent and planned activities in biological standardization 4
2.1.2 Blood products and related in vitro diagnostics: recent and planned  activities in biological standardization 
5
2.1.3 Unit assignment to WHO international reference standards for antibodies 7
2.1.4 Development of a Group B streptococcus antibody standard 8
2.2 Cross-cutting activities of other WHO committees and groups 9
2.2.1 Emergency use listing of COVID-19 vaccines 9
2.2.2 Meeting of the SAGE on Immunization 10
2.2.3 Meeting of the SAGE on IVDs 11
2.2.4 WHO prequalification of biosimilars 12
2.2.5 Update on WHO regulatory systems strengthening activities 13
3. International Recommendations, Guidelines and other matters  
related to the manufacture, quality control and evaluation of  biological products 15
3.1 Biotherapeutics other than blood products 15
3.1.1 Guidelines on the nonclinical and clinical evaluation of monoclonal  
antibodies and related products intended for the prevention or treatment  
of infectious diseases 15
3.2 Cell, tissue and gene therapy products 16
3.2.1 Considerations in developing a regulatory framework for human cells and  
tissues and for advanced therapy medicinal products 16
4. International reference materials – biotherapeutics other than  
blood products  18
4.1 WHO international reference standards for biotherapeutics other than blood  
products 18
4.1.1 First WHO International Standard for vascular endothelial growth factor 165 18
5. International reference materials – blood products and related  
substances  20
5.1 WHO international reference standards for blood products and related substances 20
5.1.1 Ninth WHO International Standard for blood coagulation factor VIII  
concentrate 20
6. International reference materials – in vitro diagnostics  22
6.1 WHO international reference standards for in vitro diagnostics 22
6.1.1 WHO international reference reagents for antibodies to human leukocyte  antigen 
22iv6.1.2 First WHO International Standard for antibodies to citrullinated peptide/ 
protein 23
6.1.3 Fifth WHO International Standard for hepatitis B virus DNA for NAT-based  assays 
25
6.2 Proposed new projects and updates – in vitro diagnostics 26
6.2.1 Proposed First WHO International Standard for antibodies to tissue transglutaminase 
26
7. International reference materials – standards for use in high- 
throughput sequencing technologies  28
7.1 Proposed new projects and updates – standards for use in high-throughput  
sequencing technologies 28
7.1.1 Proposed WHO International Reference Reagent for control of RNA  extraction, PCR and nanopore sequencing for direct detection of poliovirus 
28
8. International reference materials – standards for use in public health 
emergencies  30
8.1 WHO international reference standards for use in public health emergencies 30
8.1.1 Expansion of the First WHO International Reference Panel for antibodies  
to SARS-CoV-2 variants of concern 30
9. International reference materials – vaccines and related substances  32
9.1 WHO international reference standards for vaccines and related substances 32
9.1.1 Second WHO International Standard for meningococcal serogroup C polysaccharide 
32
9.1.2 First WHO International Standard for antibodies to Rift Valley fever virus for neutralization assays (human plasma); and First WHO International Standard  for antibodies to Rift Valley fever virus for binding assays (human plasma) 
33
9.2 Proposed new projects and updates – vaccines and related substances 35
9.2.1 Proposed WHO International Reference Reagent for diphtheria antitoxin for  use in flocculation test (equine) 
35
9.2.2 Proposed First WHO International Standard for antibodies to gonococcus  (serum) 
36
9.2.3 Proposed WHO International Reference Reagent for messenger RNA lipid nanoparticles 
37
9.2.4  Proposed First WHO International Standard for antibodies to Mpox virus 38
9.2.5 Proposed Third WHO International Standard for antibodies to hepatitis B  virus surface antigen 
39
9.2.6 Proposed Third WHO International Standard for antibodies to hepatitis A  virus 
40
9.2.7 Proposed Second WHO International Standard for antibodies to varicella  zoster virus 
40
9.2.8 Proposed Fourth WHO International Standard for inactivated poliomyelitis  vaccine 
41
9.2.9 Proposed WHO International Reference Reagent for antibodies to Ross  River virus 
42
9.2.10 Proposed First WHO International Standard for antibodies to SARS-CoV-1 43vAnnex 1
WHO Recommendations, Guidelines and other documents related to the manufacture,  
quality control and evaluation of biological products 45
Annex 2
Guidelines on the nonclinical and clinical evaluation of monoclonal antibodies and  related products intended for the prevention or treatment of infectious diseases 
53
Annex 3
Considerations in developing a regulatory framework for human cells and tissues and  for advanced therapy medicinal products 
103
Annex 4
New and replacement WHO international reference standards for biological products 135vi
WHO Technical Report Series, No. 1048, 2023WHO Expert Committee on Biological Standardization
Seventy-seventh meeting held virtually 20 to 24 March 2023
Committee members1
Dr K.M. Boukef, University of Monastir, Monastir, Tunisia
Dr C. Burns, Medicines and Healthcare products Regulatory Agency, Potters Bar, United 
Kingdom
Professor K. Cichutek, Paul-Ehrlich-Institut, Langen, Germany (Co-chair)Dr M. Darko, Food and Drugs Authority, Accra, GhanaDr A.E. del Pozo, Hospital de Pediatria Garrahan, Buenos Aires, ArgentinaDr I. Feavers, Consultant, Nacton, United Kingdom (Rapporteur)Professor I. Fradi-Dridi, Direction de la Pharmacie et du Médicament, Tunis, TunisiaProfessor S. Hindawi, King Abdulaziz University, Jeddah, Saudi Arabia (Co-chair)Professor G. Kang, Christian Medical College, Vellore, IndiaProfessor M.B.C. Koh, St George’s Hospital Medical School, London, United Kingdom; and 
Health Sciences Authority, Singapore, Singapore (Co-rapporteur)
Dr N.G. Mahlangu,
2 Regulatory Consultant, Harare, Zimbabwe
Dr R. May,2 Dubai Health Authority, Dubai, United Arab Emirates
Ms C. Morris, Medicines and Healthcare products Regulatory Agency, Potters Bar, United 
Kingdom
Professor D.H. Muljono, Hasanuddin University, Makassar, IndonesiaDr K. Quillen, Atrius Health, Boston, MA, United States of America (USA)Dr Y. Sohn, Seoul National University, Seoul, Republic of KoreaDr J. Southern, Representative of the South African Health Products Regulatory Authority, 
Simon’s Town, South Africa
Dr D. Teo, Visiting Consultant, Blood Services Group, Health Sciences Authority, Singapore, 
Singapore
Dr J. Wang, National Institutes for Food and Drug Control, Beijing, China
1 The decisions of the Committee were taken in closed session with only members of the Committee and 
WHO Secretariat present. Each Committee member had completed a Declaration of Interests form prior to the meeting. These were assessed by the WHO Secretariat and no declared interests were considered to be in conflict with full meeting participation.
2 Unable to attend.viiWHO Expert Committee on Biological Standardization
Dr Y. Wang,3 Chinese Academy of Medical Sciences, Kunming, China
Dr S. Wendel, Hospital Sirio-Libanês, São Paulo, Brazil
Dr C. Witten, Center for Biologics Evaluation and Research, US Food and Drug 
Administration, Silver Spring, MD, USA
Temporary advisors
Dr C.A. Bravery, Consultant, London, United Kingdom
Dr E. Griffiths, Consultant, Kingston upon Thames, United KingdomDr O. Kolaj-Robin, European Directorate for the Quality of Medicines & Healthcare, 
Strasbourg, France
Dr L. Mallet, European Directorate for the Quality of Medicines & Healthcare, Strasbourg, 
France
Dr P . Marks, Center for Biologics Evaluation and Research, US Food and Drug 
Administration, Silver Spring, MD, USA
Dr D. McManus, Biologic and Radiopharmaceutical Drugs Directorate, Health Canada, 
Ottawa, Canada
Ms D. Situ, Biologic and Radiopharmaceutical Drugs Directorate, Health Canada, Ottawa, 
Canada
Dr A.L. Waddell, Consett, United Kingdom (Editor of the report of the Committee)Dr M. Wierer,
3 European Directorate for the Quality of Medicines & Healthcare, Strasbourg, 
France
State actors
Dr N. Almond, Medicines and Healthcare products Regulatory Agency, Potters Bar, 
United Kingdom
Dr M. Bailey, Medicines and Healthcare products Regulatory Agency, Potters Bar, United 
Kingdom
Dr S. Baylis, Paul-Ehrlich-Institut, Langen, GermanyDr E. Bentley, Medicines and Healthcare products Regulatory Agency, Potters Bar, 
United Kingdom
Dr H. Chan, Medicines and Healthcare products Regulatory Agency, Potters Bar, United 
Kingdom
Dr C. Cherry, Medicines and Healthcare products Regulatory Agency, Potters Bar, United 
Kingdom
3 Unable to attend.viii
WHO Technical Report Series, No. 1048, 2023WHO Expert Committee on Biological Standardization   Seventy-seventh reportDr M. Choi, Ministry of Food and Drug Safety, Chungscheongbuk-do, Republic of Korea
Dr L. Deprez, European Commission, Directorate General Joint Research Centre, Geel, 
Belgium
Dr J. Fryer, Medicines and Healthcare products Regulatory Agency, Potters Bar, United 
Kingdom
Dr I. Hamaguchi, National Institute of Infectious Diseases, Tokyo, JapanDr M. Hassall, Medicines and Healthcare products Regulatory Agency, Potters Bar, 
United Kingdom
Dr A. Hilger,
4 Paul-Ehrlich-Institut, Langen, Germany
Dr K. Ishii, National Institute of Infectious Diseases, Tokyo, JapanDr A. Ishii-Watabe, National Institute of Health Sciences, Kawasaki, Japan
Dr H. Jia, Medicines and Healthcare products Regulatory Agency, Potters Bar, United 
Kingdom
Dr M. Majumdar, Medicines and Healthcare products Regulatory Agency, Potters Bar, 
United Kingdom
Dr G. Mattiuzzo, Medicines and Healthcare products Regulatory Agency, Potters Bar, 
United Kingdom
Dr H. Meyer, Paul-Ehrlich-Institut, Langen, GermanyDr M. Nübling, Paul-Ehrlich-Institut, Langen, Germany
Dr M. Ochiai, National Institute of Infectious Diseases, Tokyo, JapanDr C. Pham, Biologic and Radiopharmaceutical Drugs Directorate, Health Canada, 
Ottawa, Canada
Dr D. Rajagopal, Medicines and Healthcare products Regulatory Agency, Potters Bar, 
United Kingdom
Dr S. Raut, Medicines and Healthcare products Regulatory Agency, Potters Bar, United 
Kingdom
Dr G. Raychaudhuri, Center for Biologics Evaluation and Research, US Food and Drug 
Administration, Silver Spring, MD, USA
Dr I.G. Reischl, Austrian Medicines and Medical Devices Agency, Vienna, AustriaDr N. Rose, Medicines and Healthcare products Regulatory Agency, Potters Bar, United 
Kingdom
4 Unable to attend.","Recommendation 1: No attempt to establish a pregnancy with a human embryo that has undergone genome editing should proceed unless and until it has been clearly established that it is possible to efficiently and reliably make precise genomic changes without undesired changes in human embryos. These criteria have not yet been met, and further research and review would be necessary to meet them.",NaT
Heritable Human Genome Editing,2023,nih.gov,https://pubmed.ncbi.nlm.nih.gov/34175039/,Making sense of heritable human genome editing: Scientific and ...,"Making sense of heritable human genome editing: Scientific and ethical considerations. Genome editing, particularly the use of CRISPR-Cas9-based methodologies, is revolutionizing biology through its impacts on research and the translation of these into applications in biomedicine. Somatic genome editing aimed at treating individuals with disease raises some significant ethical issues, but proposed heritable interventions, through the use of genome editing in gametes or embryos, raise a number of distinct social, ethical and political issues. This review will consider some proposed uses of heritable human genome editing (HHGE) and several of the objections to these that have been raised. Making sense of such proposed uses requires viewing HHGE as an assisted reproductive technology (ART) that, like preimplantation genetic testing (PGT) and mitochondrial replacement techniques (MRT), aims to prevent disease transmission during sexual reproduction, rather than acting as a therapy for an existing individual. Applications beyond the paradigm of disease prevention raise even more difficult scientific and ethical questions. Here, I will discuss various themes that are prominent in discussions of the science and ethics of HHGE, including impacts on human dignity and society, the language of HHGE used for public dialogue and the governance of HHGE.","Recommendation 2: Extensive societal dialogue should be undertaken before
a country makes a decision on whether to permit clinical use of heritable human
genome editing (HHGE). The clinical use of HHGE raises not only scientific and
medical considerations but also societal and ethical issues that were beyond the
Commission’s charge.",2021-01-01
Heritable Human Genome Editing,2023,nih.gov,https://pmc.ncbi.nlm.nih.gov/articles/PMC10444910/,What if should precede whether and how in the social ...,"""What if"" should precede ""whether"" and ""how"" in the social conversation around human germline gene editing. Given the potential large ethical and societal implications of human germline gene editing (HGGE) the urgent need for public and stakeholder engagement (PSE) has been repeatedly expressed. In this short communication, we aim to provide directions for broad and inclusive PSE by emphasizing the importance of futures literacy, which is a skill to imagine diverse and multiple futures and to use these as lenses to look at the present anew. By first addressing ""what if"" questions in PSE, different futures come into focus and limitations that arise when starting with the ""whether"" or ""how"" questions about HGGE can be avoided. Futures literacy can also aid in the goal of societal alignment, as ""what if"" questions can be answered in many different ways, thereby opening up the conversation to explore a multitude of values and needs of various publics. Broad and inclusive PSE on HGGE starts with asking the right questions.","Recommendation 2: Extensive societal dialogue should be undertaken before
a country makes a decision on whether to permit clinical use of heritable human
genome editing (HHGE). The clinical use of HHGE raises not only scientific and
medical considerations but also societal and ethical issues that were beyond the
Commission’s charge.",2023-08-01
Heritable Human Genome Editing,2023,nih.gov,https://pubmed.ncbi.nlm.nih.gov/32897669/,Heritable Human Genome Editing,"No title available. Heritable human genome editing — making changes to the genetic material of eggs, sperm, or any cells that lead to their development, including the cells of early embryos, and establishing a pregnancy — raises not only scientific and medical considerations but also a host of ethical, moral, and societal issues. Human embryos whose genomes have been edited should not be used to create a pregnancy until it is established that precise genomic changes can be made reliably and without introducing undesired changes — criteria that have not yet been met, says Heritable Human Genome Editing. From an international commission of the U.S. National Academy of Medicine, U.S. National Academy of Sciences, and the U.K.'s Royal Society, the report considers potential benefits, harms, and uncertainties associated with genome editing technologies and defines a translational pathway from rigorous preclinical research to initial clinical uses, should a country decide to permit such uses. The report specifies stringent preclinical and clinical requirements for establishing safety and efficacy, and for undertaking long-term monitoring of outcomes. Extensive national and international dialogue is needed before any country decides whether to permit clinical use of this technology, according to the report, which identifies essential elements of national and international scientific governance and oversight.","Recommendation 2: Extensive societal dialogue should be undertaken before
a country makes a decision on whether to permit clinical use of heritable human
genome editing (HHGE). The clinical use of HHGE raises not only scientific and
medical considerations but also societal and ethical issues that were beyond the
Commission’s charge.",2020-09-03
Heritable Human Genome Editing,2023,nih.gov,https://pmc.ncbi.nlm.nih.gov/articles/PMC11217238/,The need to set explicit goals for human germline gene editing ...,"The need to set explicit goals for human germline gene editing public dialogues. Given the potentially large ethical and societal implications of human germline gene editing (HGGE) the urgent need for public and stakeholder engagement (PSE) has been repeatedly expressed. However, the explicit goals of such PSE efforts often remain poorly defined. In this program report, we outline the goals of our Dutch project called De DNA dialogen (The DNA dialogues). We believe that setting explicit goals in advance is essential to enable meaningful PSE efforts. Moreover, it enables the evaluation of our engagement efforts. The following four goals, which result from intensive consultations among the transdisciplinary projects' consortium members and based on the literature, form the foundation for how we will engage the public and stakeholders in deliberation about HGGE: 1) Enable publics and stakeholders to deliberate on ""what if"" questions, before considering ""whether"" and ""how"" questions regarding HGGE, 2) Investigate agreement and disagreement in values and beliefs regarding HGGE in order to agree and disagree more precisely, 3) Involve diverse publics with various perspectives, with a focus on those that are typically underrepresented in PSE, 4) Enable societally aligned policy making by providing policymakers, health care professionals and legal experts insight into how values are weighed and ascribed meaning in the context of HGGE by various publics, and how these values relate to the principles of democratic rule of law and fundamental rights. The effort to describe our goals in detail may serve as an example and can inform future initiatives striving for open science and open governance in the context of PSE.","Recommendation 2: Extensive societal dialogue should be undertaken before
a country makes a decision on whether to permit clinical use of heritable human
genome editing (HHGE). The clinical use of HHGE raises not only scientific and
medical considerations but also societal and ethical issues that were beyond the
Commission’s charge.",2024-06-01
Heritable Human Genome Editing,2023,nih.gov,https://www.ncbi.nlm.nih.gov/books/NBK561519/,Heritable Human Genome Editing - NCBI Bookshelf,No title available. No abstract available.,"Recommendation 2: Extensive societal dialogue should be undertaken before
a country makes a decision on whether to permit clinical use of heritable human
genome editing (HHGE). The clinical use of HHGE raises not only scientific and
medical considerations but also societal and ethical issues that were beyond the
Commission’s charge.",NaT
Heritable Human Genome Editing,2023,nih.gov,https://www.ncbi.nlm.nih.gov/books/n/nap25665/sum1/?report=reader,Summary - Heritable Human Genome Editing - NCBI Bookshelf,"SummaryPublication DetailsRapidly advancing technical capabilities in genome editing, and the reported use of heritable human genome editing (HHGE) in 2018 leading to the birth of children whose DNA had been edited, led to renewed global calls for consideration of the scientific, societal, and governance issues associated with this technology. The possibility of heritable editing occurs when alterations to genomic DNA are made in gametes (eggs or sperm) or any cells that give rise to gametes, including the single cell zygote resulting from fertilization of an egg by a sperm cell, or cells of an early embryo. Changes made to the genetic material in such cells can be passed on to subsequent generations.No country has yet decided that it would be appropriate to move forward clinically with HHGE, and clinical use of the technology is currently explicitly prohibited or not explicitly regulated in many countries. HHGE could represent an important option for prospective parents with a known risk of transmitting a genetic disease to have a genetically-related child without that disease and its associated morbidity and mortality. However, it will be essential to establish safe and effective methodologies that could form the necessary steps in a translational pathway for any clinical uses of HHGE. Assuming the existence of a safe and effective methodology, the decision to permit the clinical use of HHGE and, if so, for which specific applications, must ultimately rest with individual countries following informed societal debate of both ethical and scientific considerations.This societal debate would include a range of issues and questions raised by HHGE, as well as how it might address important unmet needs within a country, informed by the views of patients and their families; ethical, moral, and religious views; potential long-term societal implications; and issues of cost and access. The societal considerations are the subject of ongoing national and international conversations, including current work by the WHOs Expert Advisory Committee on Developing Global Standards for Governance and Oversight of Human Genome Editing, which is deliberating on national and global governance.The International Commission on the Clinical Use of Human Germline Genome Editing, which was convened by the U.S. National Academy of Medicine, the U.S. National Academy of Sciences, and the U.K.'s Royal Society and includes members from 10 countries, was tasked with addressing the scientific considerations that would be needed to inform broader societal decision making. This task involves considering technical, scientific, medical, and regulatory requirements, as well as those societal and ethical issues that are inextricably linked to these requirements, such as the significance of uncertainties related to outcomes, and potential benefits and harms to participants in clinical uses of HHGE.This report does not make judgments about whether any clinical uses of asafe and effectiveHHGE methodology, if established by preclinical research, should at some point be permitted. The report instead seeks to determine whether the safety and efficacy of genome editing methodologies and associated assisted reproductive technologies (ARTs) are or could be sufficiently well developed to permit responsible clinical use of HHGE; identifies initial potential applications of HHGE for which a responsible clinical translational pathway can currently be defined; and delineates the necessary elements of such a translational pathway. It also elaborates national and international mechanisms necessary for appropriatescientificgovernance of HHGE, while recognizing that additional governance mechanisms may be needed to address societal considerations that lie beyond the Commission's charge.Box S-1provides the full set of report recommendations; the Summary text provides the context for these.BOX S-1Report Recommendations.CURRENT STATE OF SCIENTIFIC UNDERSTANDINGTo assess what would be needed for a responsible translational pathway toward HHGE requires evaluating the state of scientific understanding of the effects of making genetic changes and of the procedures necessary to perform and to characterize the results of genome editing in human germline cells and embryos.The Connections Between Genetic Changes and HealthThe ability to make changes to the human genome with predictable effects on health relies on a detailed understanding of how DNA sequence variation contributes to the occurrence and risk of disease. Monogenic diseases are caused by mutation of one or both copies of a single gene. Examples include muscular dystrophy, beta-thalassemia, cystic fibrosis, and Tay-Sachs disease. With some notable exceptions, monogenic diseases are individually rare, but together the thousands of monogenic diseases impose significant morbidity and mortality on populations. Current knowledge of medical genetics suggests that the possibility of using HHGE to increase the ability of prospective parents to have biologically-related children who will not inherit certain monogenic diseases is a realistic one.On the other hand, most common diseases are influenced by many common genetic variants that each have a small effect on disease risk. In addition, the risk of developing such diseases is often influenced by environmental factors such as diet and lifestyle choices and by circumstances that are difficult to predict. Editing a gene variant associated with such a polygenic disease will typically have little effect on risk of the disease. Preventing the disease might be expected to require dozens or more different edits, some of which could produce adverse effects because of other biological roles the gene may play and other genetic networks with which it interacts. Scientific knowledge is not at a stage at which HHGE for polygenic diseases can be conducted effectively or safely. Similarly, there is insufficient knowledge to permit consideration of genome editing for other purposes, including nonmedical traits or genetic enhancement, because anticipated benefits in one domain might often be offset by unforeseen impact on risk of other diseases. Moreover, for these latter purposes the barrier to social acceptability would be particularly high.Undertaking Genome Editing and Characterizing Its EffectsAt present, the primary approach that could be used for undertaking HHGE would involve genome editing in zygotes. A zygote is the single, fertilized cell that results from the combination of parental gametes—the egg and sperm—and is the earliest stage in embryonic development. Although the pace of advances in developing genome editing methodologies continues to be rapid, and ongoing research to overcome current scientific and technical challenges will continue to be valuable, significant knowledge gaps remain concerning how to control and characterize genome editing in human zygotes, as well as in the development of potential alternatives to zygote editing. Gaps that would need to be addressed include the following:Limitations in the Understanding of Genome Editing Technologies. The outcomes of genome editing in human zygotes cannot be adequately controlled. No one has demonstrated that it is possible to reliably prevent (1) the formation of undesired products at the intended target site; (2) the generation of unintentional modifications at off-target sites; and (3) the production of mosaic embryos, in which intended or unintended modifications occur in only a subset of an embryo's cells—the effects of such mosaicism are difficult to predict. An appropriately cautious approach to any initial human uses would include stringent standards for preclinical evidence on each of these points.Limitations Associated with Characterizing the Effects of Genome Editing in Human Embryos.Protocols suitable for preclinical validation of human editing would need to be developed to determine (1) the efficiency of achieving desired on-target edits, (2) the frequency with which undesired edits are made, and (3) the frequency with which mosaic editing occurs.Recommendation 1: No attempt to establish a pregnancy with a human embryo that has undergone genome editing should proceed unless and until it has been clearly established that it is possible to efficiently and reliably make precise genomic changes without undesired changes in human embryos. These criteria have not yet been met, and further research and review would be necessary to meet them.IMPORTANCE OF SOCIETAL DECISION MAKING ABOUT HERITABLE HUMAN GENOME EDITINGThis report focuses on whether a responsible translational pathway can be defined for some potential applications of HHGE. However, it is important to emphasize that the existence of a responsible clinical translational pathway does not mean that a clinical use of HHGE should proceed. Before any such clinical use, there must be widespread societal engagement and approval, and the establishment of national and international frameworks for responsible uses. This Commission highlights the importance of these societal considerations, while acknowledging that the appropriate mechanisms for addressing them lie beyond its charge.Recommendation 2: Extensive societal dialogue should be undertaken before a country makes a decision on whether to permit clinical use of heritable human genome editing (HHGE). The clinical use of HHGE raises not only scientific and medical considerations but also societal and ethical issues that were beyond the Commission's charge.CATEGORIZING POTENTIAL USES OF HERITABLE HUMAN GENOME EDITINGProspective parents who know they are at risk of having a child affected by a monogenic disease already have various reproductive options. Among them is the use of in vitro fertilization together with preimplantation genetic testing (PGT) to ensure that embryos judged suitable for transfer do not carry the disease genotype. In rare cases, every embryo a couple can produce will inherit the disease-causing genotype; for such prospective parents, HHGE could represent the only option to have a genetically-related child without the disease.In all other groups of prospective parents, some of the embryos are expected not to carry the disease genotype, so PGT can enable them to have an unaffected child. However, a combination of genetic circumstances and reduced fertility can mean that PGT does not always result in the identification of an unaffected embryo for transfer. If HHGE could be performed safely, accurately, and without damaging embryos, it might be possible to increase the number of embryos without a disease genotype that could be used to establish a pregnancy, thereby decreasing the number of treatment cycles required. Whether a meaningful increase could be achieved is currently unclear and would need to be established empirically.It is not possible to perform a generic benefit–harm analysis covering all possible applications of HHGE since any assessment will depend on the particular circumstances under consideration. One overarching principle that guided the Commission in identifying circumstances for which a responsible translational pathway could be defined was that the highest priority should be given to safety, with any initial uses offering the most favorable balance of potential harms and benefits.Recommendation 3: It is not possible to define a responsible translational pathway applicable across all possible uses of heritable human genome editing (HHGE) because the uses, circumstances, and considerations differ widely, as do the advances in fundamental knowledge that would be needed before different types of uses could be considered feasible.Clinical use of HHGE should proceed incrementally. At all times, there should be clear thresholds on permitted uses, based on whether a responsible translational pathway can be and has been clearly defined for evaluating the safety and efficacy of the use, and whether a country has decided to permit the use.Recommendation 4: Initial uses of heritable human genome editing (HHGE), should a country decide to permit them, should be limited to circumstances that meet all of the following criteria:1.the use of HHGE is limited to serious monogenic diseases; the Commission defines a serious monogenic disease as one that causes severe morbidity or premature death;2.the use of HHGE is limited to changing a pathogenic genetic variant known to be responsible for the serious monogenic disease to a sequence that is common in the relevant population and that is known not to be disease-causing;3.no embryos without the disease-causing genotype will be subjected to the process of genome editing and transfer, to ensure that no individuals resulting from edited embryos were exposed to risks of HHGE without any potential benefit; and4.the use of HHGE is limited to situations in which prospective parents (i) have no option for having a genetically-related child that does not have the serious monogenic disease, because none of their embryos would be genetically unaffected in the absence of genome editing; or (ii) have extremely poor options, because the expected proportion of unaffected embryos would be unusually low, which the Commission defines as 25 percent or less, and have attempted at least one cycle of preimplantation genetic testing without success.The report describes six categories of potential uses of HHGE, reflective of these four criteria:(A)cases in which all of the prospective parents' children would inherit the disease-causing genotype for a serious monogenic disease (defined in this report as a monogenic disease that causes severe morbidity or premature death);(B)cases in which some but not all of the prospective parents' children would inherit the pathogenic genotype for a serious monogenic disease;(C)cases involving other monogenic conditions with less serious impact;(D)cases involving polygenic diseases;(E)cases involving other applications of HHGE, including changes that would enhance or introduce new traits or attempt to eliminate certain diseases from the human population; and(F)the special circumstance of monogenic conditions that cause infertility.To meet all four criteria in Recommendation 4, and based on the available information, the Commission concluded that it is possible to define a responsible translational pathway for initial uses only in Category A and a very small set of circumstances in Category B. To meet the criteria in Category B, reliable methods would need to be developed to ensure that no individuals resulted from embryos that had been subjected to potential adverse consequences of genome editing without potential benefit. Such methods would depend either on identifying zygotes or embryos with the disease-causing genotype before performing HHGE or on excluding from transfer embryos that had needlessly undergone editing.The Commission concluded that it was not currently possible to define a responsible translational pathway for initial clinical uses of HHGE for other circumstances.A TRANSLATIONAL PATHWAY FOR HERITABLE HUMAN GENOME EDITINGBy a translational pathway for HHGE, the Commission means the steps that would be needed to enable a proposed clinical use to proceed from preclinical research to application in humans. The framework proposed by the Commission draws on experiences of developing a translational pathway for mitochondrial replacement techniques, other ARTs, and from prior clinical experience in editing human somatic cells. If deemed acceptable by a country, HHGE would entail a form of ART used to generate and transfer to the uterus an embryo with an altered genome, resulting in the birth of an individual with this altered DNA.A translational pathway for uses of HHGE would involve multiple stages (seeFigure S-1). Preclinical evidence would need to be obtained from laboratory studies in cultured cells, editing in non-germline human tissues, studies in animal models, and laboratory research in early human embryos. These studies would need to establish that the desired edits can be made reliably, without additional alterations to the genome, and that the process does not alter normal development.FIGURE S-1The main elements of a clinical translational pathway for a proposed use of HHGE to enable parents to have a genetically-related child without a serious monogenic disease. The Commission's work focused on the clinical pathway elements on the right side.(more...)Should a country permit the clinical evaluation of HHGE and should relevant national regulatory authorities give authorization for initial human uses, an embryo with an edited genome would be created with the aim of transferring it to establish a pregnancy. Clinical testing would be undertaken to verify that the embryo had the desired genetic edit and no detectable additional changes that could cause potential harm. Other essential components of any pathway, such as plans for obtaining informed consent and for undertaking short-term and long-term follow-up, would also be evaluated by the regulatory authority as part of the clinical approval process.SCIENTIFIC VALIDATION AND STANDARDS FOR ANY PROPOSED USE OF HERITABLE HUMAN GENOME EDITINGThe initial use of HHGE would represent a new technological intervention in the ART clinic, with only preclinical data with which to judge efficacy and safety. The goal of setting technical standards for HHGE would be to provide very high confidence that any transferred embryos would be correctly edited and that these embryos would have no additional potentially harmful changes introduced by the editing process. For any initial human uses, the standards would need to be set very high, because safety and efficacy could only be fully determined through human use. Preclinical and clinical research must be performed in accordance with the requirements of Recommendation 8.Recommendation 5: Before any attempt to establish a pregnancy with an embryo that has undergone genome editing, preclinical evidence must demonstrate that heritable human genome editing (HHGE) can be performed with sufficiently high efficiency and precision to be clinically useful. For any initial uses of HHGE, preclinical evidence of safety and efficacy should be based on the study of a significant cohort of edited human embryos and should demonstrate that the process has the ability to generate and select, with high accuracy, suitable numbers of embryos that:have the intended edit(s) and no other modification at the target(s);lack additional variants introduced by the editing process at off-target sites—that is, the total number of new genomic variants should not differ significantly from that found in comparable unedited embryos;lack evidence of mosaicism introduced by the editing process;are of suitable clinical grade to establish a pregnancy; andhave aneuploidy rates no higher than expected based on standard assisted reproductive technology procedures.Recommendation 6: Any proposal for initial clinical use of heritable human genome editing should meet the criteria for preclinical evidence set forth in Recommendation 5. A proposal for clinical use should also include plans to evaluate human embryos prior to transfer using:developmental milestones until the blastocyst stage comparable with standard in vitro fertilization practices; anda biopsy at the blastocyst stage that demonstratesthe existence of the intended edit in all biopsied cells and no evidence of unintended edits at the target locus; andno evidence of additional variants introduced by the editing process at off-target sites.If, after rigorous evaluation, a regulatory approval for embryo transfer is granted, monitoring during a resulting pregnancy and long-term follow-up of resulting children and adults is vital.FUTURE DEVELOPMENTS AFFECTING REPRODUCTIVE OPTIONSGenome editing in precursor cells that can form eggs and sperm or editing of pluripotent stem cells followed by differentiation into functional gametesin vitro(in vitro–derived gametogenesis, IVG) represent potential alternatives to zygote genome editing for HHGE. The technologies to develop human gametes from cultured cells are still under development and are currently unavailable for clinical use. The same is true for the theoretical possibility of extracting human spermatogonial stem cells (SSCs), performing genome editing on them, and reimplanting them in the testes. Any future clinical use of IVG or reimplanted SSCs raises scientific and ethical issues that would require careful consideration, and the procedure would require approval as an ART before it could be used for HHGE.Genome editing using IVG could address many technical challenges associated with genome editing in zygotes. Methods for characterizing on- and off-target editing are well documented in cultured cells, and only correctly edited cells could be selected and differentiated into functional gametes. Mosaicism would not be an issue when a single sperm derived from an edited induced pluripotent stem cell (iPSC) is used to fertilize a single egg. However, iPSCs and gametes produced from them are likely to undergo adaptation to and expansion in cell culture, which may introduce other types of genetic and epigenetic changes that would need to be carefully assessed.Recommendation 7: Research should continue into the development of methods to produce functional human gametes from cultured stem cells. The ability to generate large numbers of such stem cell–derived gametes would provide a further option for prospective parents to avoid the inheritance of disease through the efficient production, testing, and selection of embryos without the disease-causing genotype. However, the use of such in vitro–derived gametes in reproductive medicine raises distinct medical, ethical, and societal issues that must be carefully evaluated, and such gametes without genome editing would need to be approved for use in assisted reproductive technology before they could be considered for clinical use of heritable human genome editing.ESSENTIAL ELEMENTS OF OVERSIGHT SYSTEMS FOR HERITABLE HUMAN GENOME EDITINGFrom a scientific perspective on safety and efficacy, considerations for any clinical use of HHGE should proceed incrementally. The initial focus would be on potential uses for which available knowledge has established an evidence base that, along with adherence to clinical and ethical norms, makes it possible to define a responsible translational pathway. However, any responsible translational pathway toward potential clinical uses of HHGE requires more than the technical and clinical pathway components. A translational pathway also requires having a comprehensive system for governing any continued development and use of HHGE. It will be important for national and international discussions to establish these governance processes prior to any clinical use under any envisioned circumstance. The work of the WHO's Expert Advisory Committee on Human Genome Editing will be important in this respect.Governance of HHGE requires a multilayered system of responsibilities. Each country that considers the development of HHGE will end up drawing on the regulatory infrastructure and oversight authorities available under its laws and regulations. But all countries in which HHGE is being researched or conducted would need to have mechanisms in place to oversee translational progress toward potential clinical use of HHGE, to prevent unapproved uses, and to sanction any misconduct. It is recognized that not all countries necessarily have the scientific expertise and regulatory and societal engagement mechanisms to meet the requirements listed below. Nonetheless, if a country is not able to meet all these conditions, no clinical use of HHGE should occur in that country.Recommendation 8: Any country in which the clinical use of heritable human genome editing (HHGE) is being considered should have mechanisms and competent regulatory bodies to ensure that all of the following conditions are met:individuals conducting HHGE-related activities, and their oversight bodies, adhere to established principles of human rights, bioethics, and global governance;the clinical pathway for HHGE incorporates best practices from related technologies such as mitochondrial replacement techniques, preimplantation genetic testing, and somatic genome editing;decision making is informed by findings from independent international assessments of progress in scientific research and the safety and efficacy of HHGE, which indicate that the technologies are advanced to a point that they could be considered for clinical use;prospective review of the science and ethics of any application to use HHGE is diligently performed by an appropriate body or process, with decisions made on a case-by-case basis;notice of proposed applications of HHGE being considered is provided by an appropriate body;details of approved applications (including genetic condition, laboratory procedures, laboratory or clinic where this will be done, and national bodies providing oversight) are made publicly accessible, while protecting family identities;detailed procedures and outcomes are published in peer-reviewed journals to provide dissemination of knowledge that will advance the field;the norms of responsible scientific conduct by individual investigators and laboratories are enforced;researchers and clinicians show leadership by organizing and participating in open international discussions on the coordination and sharing of results of relevant scientific, clinical, ethical, and societal developments impacting the assessment of HHGE's safety, efficacy, long-term monitoring, and societal acceptability;practice guidelines, standards, and policies for clinical uses of HHGE are created and adopted prior to offering clinical use of HHGE; andreports of deviation from established guidelines are received and reviewed, and sanctions are imposed where appropriate.National decision making should be informed by transparent international discussions before any country's regulatory authorities make major threshold decisions on uses of HHGE. The scientific assessment of whether the suite of technologies on which HHGE would depend have met clear scientific and safety thresholds to be considered for clinical use in a particular set of circumstances will be an essential contribution to both national and international discussions. There is, therefore, a need to regularly review the latest scientific evidence and to evaluate its potential impact on the feasibility of HHGE. The necessary functions of such scientific review include the following:assessing or making recommendations on further research developments that would be required to reach technical or translational milestones as research on HHGE progresses;providing information to national regulatory authorities or their equivalents to inform their own assessment and oversight efforts;facilitating coordination or standardization of study designs to promote the ability to compare and pool data across studies and trans-nationally;advising on specific measures to be used as part of the long-term follow-up of any children born following HHGE; andreviewing data on clinical outcomes from any regulated uses of HHGE and advising on the potential risks and benefits of possible further applications.Although there are existing international scientific review bodies that fulfill some of these functions, the Commission does not believe there is an existing mechanism that adequately fulfills all of the functions. The Commission therefore recommends the establishment of a new body, which it has called the International Scientific Advisory Panel.Recommendation 9: An International Scientific Advisory Panel (ISAP) should be established with clear roles and responsibilities before any clinical use of heritable human genome editing (HHGE). The ISAP should have a diverse, multidisciplinary membership and should include independent experts who can assess scientific evidence of safety and efficacy of both genome editing and associated assisted reproductive technologies. The ISAP should:provide regular updates on advances in, and the evaluation of, the technologies that HHGE would depend on and recommend further research developments that would be required to reach technical or translational milestones;assess whether preclinical requirements have been met for any circumstances in which HHGE may be considered for clinical use;review data on clinical outcomes from any regulated uses of HHGE and advise on the scientific and clinical risks and potential benefits of possible further applications; andprovide input and advice on any responsible translational pathway to the international body described in Recommendation 10, as well as at the request of national regulators.Before crossing any threshold to a new class of use of HHGE, it will be important for the global community to assess not only progress in scientific research but also what additional ethical and societal concerns the circumstances of particular uses could raise, as well as any results, successes, or concerns that had been observed from any human uses of HHGE that had been conducted thus far. New classes of use may or may not precisely align with the six categories defined above. A credible process would need to assess whether it is feasible to envision new translational pathways and what they should entail, and such a body would need not only experts in science, medicine, and ethics but also representatives from the many additional stakeholder communities that could be affected by future uses of HHGE.Recommendation 10: In order to proceed with applications of heritable human genome editing (HHGE) that go beyond the translational pathway defined for initial classes of use of HHGE, an international body with appropriate standing and diverse expertise and experience should evaluate and make recommendations concerning any proposed new class of use. This international body should:clearly define each proposed new class of use and its limitations;enable and convene ongoing transparent discussions on the societal issues surrounding the new class of use;make recommendations concerning whether it could be appropriate to cross the threshold of permitting the new class of use; andprovide a responsible translational pathway for the new class of use.Finally, one other required component of any oversight system is a mechanism for raising concerns about research or clinical use of HHGE, and particularly one allowing a researcher or clinician to bring forward concerns arising from work conducted either in their own or in another country.Recommendation 11: An international mechanism should be established by which concerns about research or conduct of heritable human genome editing that deviates from established guidelines or recommended standards can be received, transmitted to relevant national authorities, and publicly disclosed.Publication DetailsCopyrightCopyright2020 by the National Academy of Sciences. All rights reserved.PublisherNational Academies Press (US), Washington (DC)NLM CitationThe Royal Society; National Academy of Sciences; National Academy of Medicine; International Commission on the Clinical Use of Human Germline Genome Editing. Heritable Human Genome Editing. Washington (DC): National Academies Press (US); 2020 Sep 3.  Summary.PrevNext Summary Publication Details Rapidly advancing technical capabilities in genome editing, and the reported use of heritable human genome editing (HHGE) in 2018 leading to the birth of children whose DNA had been edited, led to renewed global calls for consideration of the scientific, societal, and governance issues associated with this technology. The possibility of heritable editing occurs when alterations to genomic DNA are made in gametes (eggs or sperm) or any cells that give rise to gametes, including the single cell zygote resulting from fertilization of an egg by a sperm cell, or cells of an early embryo. Changes made to the genetic material in such cells can be passed on to subsequent generations. No country has yet decided that it would be appropriate to move forward clinically with HHGE, and clinical use of the technology is currently explicitly prohibited or not explicitly regulated in many countries. HHGE could represent an important option for prospective parents with a known risk of transmitting a genetic disease to have a genetically-related child without that disease and its associated morbidity and mortality. However, it will be essential to establish safe and effective methodologies that could form the necessary steps in a translational pathway for any clinical uses of HHGE. Assuming the existence of a safe and effective methodology, the decision to permit the clinical use of HHGE and, if so, for which specific applications, must ultimately rest with individual countries following informed societal debate of both ethical and scientific considerations. This societal debate would include a range of issues and questions raised by HHGE, as well as how it might address important unmet needs within a country, informed by the views of patients and their families; ethical, moral, and religious views; potential long-term societal implications; and issues of cost and access. The societal considerations are the subject of ongoing national and international conversations, including current work by the WHOs Expert Advisory Committee on Developing Global Standards for Governance and Oversight of Human Genome Editing, which is deliberating on national and global governance. The International Commission on the Clinical Use of Human Germline Genome Editing, which was convened by the U.S. National Academy of Medicine, the U.S. National Academy of Sciences, and the U.K.'s Royal Society and includes members from 10 countries, was tasked with addressing the scientific considerations that would be needed to inform broader societal decision making. This task involves considering technical, scientific, medical, and regulatory requirements, as well as those societal and ethical issues that are inextricably linked to these requirements, such as the significance of uncertainties related to outcomes, and potential benefits and harms to participants in clinical uses of HHGE. This report does not make judgments about whether any clinical uses of asafe and effectiveHHGE methodology, if established by preclinical research, should at some point be permitted. The report instead seeks to determine whether the safety and efficacy of genome editing methodologies and associated assisted reproductive technologies (ARTs) are or could be sufficiently well developed to permit responsible clinical use of HHGE; identifies initial potential applications of HHGE for which a responsible clinical translational pathway can currently be defined; and delineates the necessary elements of such a translational pathway. It also elaborates national and international mechanisms necessary for appropriatescientificgovernance of HHGE, while recognizing that additional governance mechanisms may be needed to address societal considerations that lie beyond the Commission's charge.Box S-1provides the full set of report recommendations; the Summary text provides the context for these. Report Recommendations. CURRENT STATE OF SCIENTIFIC UNDERSTANDING To assess what would be needed for a responsible translational pathway toward HHGE requires evaluating the state of scientific understanding of the effects of making genetic changes and of the procedures necessary to perform and to characterize the results of genome editing in human germline cells and embryos. The Connections Between Genetic Changes and Health The ability to make changes to the human genome with predictable effects on health relies on a detailed understanding of how DNA sequence variation contributes to the occurrence and risk of disease. Monogenic diseases are caused by mutation of one or both copies of a single gene. Examples include muscular dystrophy, beta-thalassemia, cystic fibrosis, and Tay-Sachs disease. With some notable exceptions, monogenic diseases are individually rare, but together the thousands of monogenic diseases impose significant morbidity and mortality on populations. Current knowledge of medical genetics suggests that the possibility of using HHGE to increase the ability of prospective parents to have biologically-related children who will not inherit certain monogenic diseases is a realistic one. On the other hand, most common diseases are influenced by many common genetic variants that each have a small effect on disease risk. In addition, the risk of developing such diseases is often influenced by environmental factors such as diet and lifestyle choices and by circumstances that are difficult to predict. Editing a gene variant associated with such a polygenic disease will typically have little effect on risk of the disease. Preventing the disease might be expected to require dozens or more different edits, some of which could produce adverse effects because of other biological roles the gene may play and other genetic networks with which it interacts. Scientific knowledge is not at a stage at which HHGE for polygenic diseases can be conducted effectively or safely. Similarly, there is insufficient knowledge to permit consideration of genome editing for other purposes, including nonmedical traits or genetic enhancement, because anticipated benefits in one domain might often be offset by unforeseen impact on risk of other diseases. Moreover, for these latter purposes the barrier to social acceptability would be particularly high. Undertaking Genome Editing and Characterizing Its Effects At present, the primary approach that could be used for undertaking HHGE would involve genome editing in zygotes. A zygote is the single, fertilized cell that results from the combination of parental gametes—the egg and sperm—and is the earliest stage in embryonic development. Although the pace of advances in developing genome editing methodologies continues to be rapid, and ongoing research to overcome current scientific and technical challenges will continue to be valuable, significant knowledge gaps remain concerning how to control and characterize genome editing in human zygotes, as well as in the development of potential alternatives to zygote editing. Gaps that would need to be addressed include the following: Limitations in the Understanding of Genome Editing Technologies. The outcomes of genome editing in human zygotes cannot be adequately controlled. No one has demonstrated that it is possible to reliably prevent (1) the formation of undesired products at the intended target site; (2) the generation of unintentional modifications at off-target sites; and (3) the production of mosaic embryos, in which intended or unintended modifications occur in only a subset of an embryo's cells—the effects of such mosaicism are difficult to predict. An appropriately cautious approach to any initial human uses would include stringent standards for preclinical evidence on each of these points. Limitations Associated with Characterizing the Effects of Genome Editing in Human Embryos.Protocols suitable for preclinical validation of human editing would need to be developed to determine (1) the efficiency of achieving desired on-target edits, (2) the frequency with which undesired edits are made, and (3) the frequency with which mosaic editing occurs. Recommendation 1: No attempt to establish a pregnancy with a human embryo that has undergone genome editing should proceed unless and until it has been clearly established that it is possible to efficiently and reliably make precise genomic changes without undesired changes in human embryos. These criteria have not yet been met, and further research and review would be necessary to meet them. IMPORTANCE OF SOCIETAL DECISION MAKING ABOUT HERITABLE HUMAN GENOME EDITING This report focuses on whether a responsible translational pathway can be defined for some potential applications of HHGE. However, it is important to emphasize that the existence of a responsible clinical translational pathway does not mean that a clinical use of HHGE should proceed. Before any such clinical use, there must be widespread societal engagement and approval, and the establishment of national and international frameworks for responsible uses. This Commission highlights the importance of these societal considerations, while acknowledging that the appropriate mechanisms for addressing them lie beyond its charge. Recommendation 2: Extensive societal dialogue should be undertaken before a country makes a decision on whether to permit clinical use of heritable human genome editing (HHGE). The clinical use of HHGE raises not only scientific and medical considerations but also societal and ethical issues that were beyond the Commission's charge. CATEGORIZING POTENTIAL USES OF HERITABLE HUMAN GENOME EDITING Prospective parents who know they are at risk of having a child affected by a monogenic disease already have various reproductive options. Among them is the use of in vitro fertilization together with preimplantation genetic testing (PGT) to ensure that embryos judged suitable for transfer do not carry the disease genotype. In rare cases, every embryo a couple can produce will inherit the disease-causing genotype; for such prospective parents, HHGE could represent the only option to have a genetically-related child without the disease. In all other groups of prospective parents, some of the embryos are expected not to carry the disease genotype, so PGT can enable them to have an unaffected child. However, a combination of genetic circumstances and reduced fertility can mean that PGT does not always result in the identification of an unaffected embryo for transfer. If HHGE could be performed safely, accurately, and without damaging embryos, it might be possible to increase the number of embryos without a disease genotype that could be used to establish a pregnancy, thereby decreasing the number of treatment cycles required. Whether a meaningful increase could be achieved is currently unclear and would need to be established empirically. It is not possible to perform a generic benefit–harm analysis covering all possible applications of HHGE since any assessment will depend on the particular circumstances under consideration. One overarching principle that guided the Commission in identifying circumstances for which a responsible translational pathway could be defined was that the highest priority should be given to safety, with any initial uses offering the most favorable balance of potential harms and benefits. Recommendation 3: It is not possible to define a responsible translational pathway applicable across all possible uses of heritable human genome editing (HHGE) because the uses, circumstances, and considerations differ widely, as do the advances in fundamental knowledge that would be needed before different types of uses could be considered feasible. Clinical use of HHGE should proceed incrementally. At all times, there should be clear thresholds on permitted uses, based on whether a responsible translational pathway can be and has been clearly defined for evaluating the safety and efficacy of the use, and whether a country has decided to permit the use. Recommendation 4: Initial uses of heritable human genome editing (HHGE), should a country decide to permit them, should be limited to circumstances that meet all of the following criteria: the use of HHGE is limited to serious monogenic diseases; the Commission defines a serious monogenic disease as one that causes severe morbidity or premature death; the use of HHGE is limited to changing a pathogenic genetic variant known to be responsible for the serious monogenic disease to a sequence that is common in the relevant population and that is known not to be disease-causing; no embryos without the disease-causing genotype will be subjected to the process of genome editing and transfer, to ensure that no individuals resulting from edited embryos were exposed to risks of HHGE without any potential benefit; and the use of HHGE is limited to situations in which prospective parents (i) have no option for having a genetically-related child that does not have the serious monogenic disease, because none of their embryos would be genetically unaffected in the absence of genome editing; or (ii) have extremely poor options, because the expected proportion of unaffected embryos would be unusually low, which the Commission defines as 25 percent or less, and have attempted at least one cycle of preimplantation genetic testing without success. The report describes six categories of potential uses of HHGE, reflective of these four criteria: cases in which all of the prospective parents' children would inherit the disease-causing genotype for a serious monogenic disease (defined in this report as a monogenic disease that causes severe morbidity or premature death); cases in which some but not all of the prospective parents' children would inherit the pathogenic genotype for a serious monogenic disease; cases involving other monogenic conditions with less serious impact; cases involving polygenic diseases; cases involving other applications of HHGE, including changes that would enhance or introduce new traits or attempt to eliminate certain diseases from the human population; and the special circumstance of monogenic conditions that cause infertility. To meet all four criteria in Recommendation 4, and based on the available information, the Commission concluded that it is possible to define a responsible translational pathway for initial uses only in Category A and a very small set of circumstances in Category B. To meet the criteria in Category B, reliable methods would need to be developed to ensure that no individuals resulted from embryos that had been subjected to potential adverse consequences of genome editing without potential benefit. Such methods would depend either on identifying zygotes or embryos with the disease-causing genotype before performing HHGE or on excluding from transfer embryos that had needlessly undergone editing. The Commission concluded that it was not currently possible to define a responsible translational pathway for initial clinical uses of HHGE for other circumstances. A TRANSLATIONAL PATHWAY FOR HERITABLE HUMAN GENOME EDITING By a translational pathway for HHGE, the Commission means the steps that would be needed to enable a proposed clinical use to proceed from preclinical research to application in humans. The framework proposed by the Commission draws on experiences of developing a translational pathway for mitochondrial replacement techniques, other ARTs, and from prior clinical experience in editing human somatic cells. If deemed acceptable by a country, HHGE would entail a form of ART used to generate and transfer to the uterus an embryo with an altered genome, resulting in the birth of an individual with this altered DNA. A translational pathway for uses of HHGE would involve multiple stages (seeFigure S-1). Preclinical evidence would need to be obtained from laboratory studies in cultured cells, editing in non-germline human tissues, studies in animal models, and laboratory research in early human embryos. These studies would need to establish that the desired edits can be made reliably, without additional alterations to the genome, and that the process does not alter normal development. The main elements of a clinical translational pathway for a proposed use of HHGE to enable parents to have a genetically-related child without a serious monogenic disease. The Commission's work focused on the clinical pathway elements on the right side.(more...) Should a country permit the clinical evaluation of HHGE and should relevant national regulatory authorities give authorization for initial human uses, an embryo with an edited genome would be created with the aim of transferring it to establish a pregnancy. Clinical testing would be undertaken to verify that the embryo had the desired genetic edit and no detectable additional changes that could cause potential harm. Other essential components of any pathway, such as plans for obtaining informed consent and for undertaking short-term and long-term follow-up, would also be evaluated by the regulatory authority as part of the clinical approval process. SCIENTIFIC VALIDATION AND STANDARDS FOR ANY PROPOSED USE OF HERITABLE HUMAN GENOME EDITING The initial use of HHGE would represent a new technological intervention in the ART clinic, with only preclinical data with which to judge efficacy and safety. The goal of setting technical standards for HHGE would be to provide very high confidence that any transferred embryos would be correctly edited and that these embryos would have no additional potentially harmful changes introduced by the editing process. For any initial human uses, the standards would need to be set very high, because safety and efficacy could only be fully determined through human use. Preclinical and clinical research must be performed in accordance with the requirements of Recommendation 8. Recommendation 5: Before any attempt to establish a pregnancy with an embryo that has undergone genome editing, preclinical evidence must demonstrate that heritable human genome editing (HHGE) can be performed with sufficiently high efficiency and precision to be clinically useful. For any initial uses of HHGE, preclinical evidence of safety and efficacy should be based on the study of a significant cohort of edited human embryos and should demonstrate that the process has the ability to generate and select, with high accuracy, suitable numbers of embryos that: Recommendation 6: Any proposal for initial clinical use of heritable human genome editing should meet the criteria for preclinical evidence set forth in Recommendation 5. A proposal for clinical use should also include plans to evaluate human embryos prior to transfer using: If, after rigorous evaluation, a regulatory approval for embryo transfer is granted, monitoring during a resulting pregnancy and long-term follow-up of resulting children and adults is vital. FUTURE DEVELOPMENTS AFFECTING REPRODUCTIVE OPTIONS Genome editing in precursor cells that can form eggs and sperm or editing of pluripotent stem cells followed by differentiation into functional gametesin vitro(in vitro–derived gametogenesis, IVG) represent potential alternatives to zygote genome editing for HHGE. The technologies to develop human gametes from cultured cells are still under development and are currently unavailable for clinical use. The same is true for the theoretical possibility of extracting human spermatogonial stem cells (SSCs), performing genome editing on them, and reimplanting them in the testes. Any future clinical use of IVG or reimplanted SSCs raises scientific and ethical issues that would require careful consideration, and the procedure would require approval as an ART before it could be used for HHGE. Genome editing using IVG could address many technical challenges associated with genome editing in zygotes. Methods for characterizing on- and off-target editing are well documented in cultured cells, and only correctly edited cells could be selected and differentiated into functional gametes. Mosaicism would not be an issue when a single sperm derived from an edited induced pluripotent stem cell (iPSC) is used to fertilize a single egg. However, iPSCs and gametes produced from them are likely to undergo adaptation to and expansion in cell culture, which may introduce other types of genetic and epigenetic changes that would need to be carefully assessed. Recommendation 7: Research should continue into the development of methods to produce functional human gametes from cultured stem cells. The ability to generate large numbers of such stem cell–derived gametes would provide a further option for prospective parents to avoid the inheritance of disease through the efficient production, testing, and selection of embryos without the disease-causing genotype. However, the use of such in vitro–derived gametes in reproductive medicine raises distinct medical, ethical, and societal issues that must be carefully evaluated, and such gametes without genome editing would need to be approved for use in assisted reproductive technology before they could be considered for clinical use of heritable human genome editing. ESSENTIAL ELEMENTS OF OVERSIGHT SYSTEMS FOR HERITABLE HUMAN GENOME EDITING From a scientific perspective on safety and efficacy, considerations for any clinical use of HHGE should proceed incrementally. The initial focus would be on potential uses for which available knowledge has established an evidence base that, along with adherence to clinical and ethical norms, makes it possible to define a responsible translational pathway. However, any responsible translational pathway toward potential clinical uses of HHGE requires more than the technical and clinical pathway components. A translational pathway also requires having a comprehensive system for governing any continued development and use of HHGE. It will be important for national and international discussions to establish these governance processes prior to any clinical use under any envisioned circumstance. The work of the WHO's Expert Advisory Committee on Human Genome Editing will be important in this respect. Governance of HHGE requires a multilayered system of responsibilities. Each country that considers the development of HHGE will end up drawing on the regulatory infrastructure and oversight authorities available under its laws and regulations. But all countries in which HHGE is being researched or conducted would need to have mechanisms in place to oversee translational progress toward potential clinical use of HHGE, to prevent unapproved uses, and to sanction any misconduct. It is recognized that not all countries necessarily have the scientific expertise and regulatory and societal engagement mechanisms to meet the requirements listed below. Nonetheless, if a country is not able to meet all these conditions, no clinical use of HHGE should occur in that country. Recommendation 8: Any country in which the clinical use of heritable human genome editing (HHGE) is being considered should have mechanisms and competent regulatory bodies to ensure that all of the following conditions are met: National decision making should be informed by transparent international discussions before any country's regulatory authorities make major threshold decisions on uses of HHGE. The scientific assessment of whether the suite of technologies on which HHGE would depend have met clear scientific and safety thresholds to be considered for clinical use in a particular set of circumstances will be an essential contribution to both national and international discussions. There is, therefore, a need to regularly review the latest scientific evidence and to evaluate its potential impact on the feasibility of HHGE. The necessary functions of such scientific review include the following: Although there are existing international scientific review bodies that fulfill some of these functions, the Commission does not believe there is an existing mechanism that adequately fulfills all of the functions. The Commission therefore recommends the establishment of a new body, which it has called the International Scientific Advisory Panel. Recommendation 9: An International Scientific Advisory Panel (ISAP) should be established with clear roles and responsibilities before any clinical use of heritable human genome editing (HHGE). The ISAP should have a diverse, multidisciplinary membership and should include independent experts who can assess scientific evidence of safety and efficacy of both genome editing and associated assisted reproductive technologies. The ISAP should: Before crossing any threshold to a new class of use of HHGE, it will be important for the global community to assess not only progress in scientific research but also what additional ethical and societal concerns the circumstances of particular uses could raise, as well as any results, successes, or concerns that had been observed from any human uses of HHGE that had been conducted thus far. New classes of use may or may not precisely align with the six categories defined above. A credible process would need to assess whether it is feasible to envision new translational pathways and what they should entail, and such a body would need not only experts in science, medicine, and ethics but also representatives from the many additional stakeholder communities that could be affected by future uses of HHGE. Recommendation 10: In order to proceed with applications of heritable human genome editing (HHGE) that go beyond the translational pathway defined for initial classes of use of HHGE, an international body with appropriate standing and diverse expertise and experience should evaluate and make recommendations concerning any proposed new class of use. This international body should: Finally, one other required component of any oversight system is a mechanism for raising concerns about research or clinical use of HHGE, and particularly one allowing a researcher or clinician to bring forward concerns arising from work conducted either in their own or in another country. Recommendation 11: An international mechanism should be established by which concerns about research or conduct of heritable human genome editing that deviates from established guidelines or recommended standards can be received, transmitted to relevant national authorities, and publicly disclosed. Publication Details Copyright Publisher National Academies Press (US), Washington (DC) NLM Citation The Royal Society; National Academy of Sciences; National Academy of Medicine; International Commission on the Clinical Use of Human Germline Genome Editing. Heritable Human Genome Editing. Washington (DC): National Academies Press (US); 2020 Sep 3.  Summary. BOX S-1Report RecommendationsRecommendation 1: No attempt to establish a pregnancy with a human embryo that has undergone genome editing should proceed unless and until it has been clearly established that it is possible to efficiently and reliably make precise genomic changes without undesired changes in human embryos. These criteria have not yet been met, and further research and review would be necessary to meet them.Recommendation 2: Extensive societal dialogue should be undertaken before a country makes a decision on whether to permit clinical use of heritable human genome editing (HHGE). The clinical use of HHGE raises not only scientific and medical considerations but also societal and ethical issues that were beyond the Commission's charge.Recommendation 3: It is not possible to define a responsible translational pathway applicable across all possible uses of heritable human genome editing (HHGE) because the uses, circumstances, and considerations differ widely, as do the advances in fundamental knowledge that would be needed before different types of uses could be considered feasible.Clinical use of HHGE should proceed incrementally. At all times, there should be clear thresholds on permitted uses, based on whether a responsible translational pathway can be and has been clearly defined for evaluating the safety and efficacy of the use, and whether a country has decided to permit the use.Recommendation 4: Initial uses of heritable human genome editing (HHGE), should a country decide to permit them, should be limited to circumstances that meet all of the following criteria:1.the use of HHGE is limited to serious monogenic diseases; the Commission defines a serious monogenic disease as one that causes severe morbidity or premature death;2.the use of HHGE is limited to changing a pathogenic genetic variant known to be responsible for the serious monogenic disease to a sequence that is common in the relevant population and that is known not to be disease-causing;3.no embryos without the disease-causing genotype will be subjected to the process of genome editing and transfer, to ensure that no individuals resulting from edited embryos were exposed to risks of HHGE without any potential benefit; and4.the use of HHGE is limited to situations in which prospective parents (i) have no option for having a genetically-related child that does not have the serious monogenic disease, because none of their embryos would be genetically unaffected in the absence of genome editing; or (ii) have extremely poor options, because the expected proportion of unaffected embryos would be unusually low, which the Commission defines as 25 percent or less, and have attempted at least one cycle of preimplantation genetic testing without success.Recommendation 5: Before any attempt to establish a pregnancy with an embryo that has undergone genome editing, preclinical evidence must demonstrate that heritable human genome editing (HHGE) can be performed with sufficiently high efficiency and precision to be clinically useful. For any initial uses of HHGE, preclinical evidence of safety and efficacy should be based on the study of a significant cohort of edited human embryos and should demonstrate that the process has the ability to generate and select, with high accuracy, suitable numbers of embryos that:have the intended edit(s) and no other modification at the target(s);lack additional variants introduced by the editing process at off-target sites—that is, the total number of new genomic variants should not differ significantly from that found in comparable unedited embryos;lack evidence of mosaicism introduced by the editing process;are of suitable clinical grade to establish a pregnancy; andhave aneuploidy rates no higher than expected based on standard assisted reproductive technology procedures.Recommendation 6: Any proposal for initial clinical use of heritable human genome editing should meet the criteria for preclinical evidence set forth in Recommendation 5. A proposal for clinical use should also include plans to evaluate human embryos prior to transfer using:developmental milestones until the blastocyst stage comparable with standard in vitro fertilization practices; anda biopsy at the blastocyst stage that demonstratesthe existence of the intended edit in all biopsied cells and no evidence of unintended edits at the target locus; andno evidence of additional variants introduced by the editing process at off-target sites.If, after rigorous evaluation, a regulatory approval for embryo transfer is granted, monitoring during a resulting pregnancy and long-term follow-up of resulting children and adults is vital.Recommendation 7: Research should continue into the development of methods to produce functional human gametes from cultured stem cells. The ability to generate large numbers of such stem cell–derived gametes would provide a further option for prospective parents to avoid the inheritance of disease through the efficient production, testing, and selection of embryos without the disease-causing genotype. However, the use of such in vitro–derived gametes in reproductive medicine raises distinct medical, ethical, and societal issues that must be carefully evaluated, and such gametes without genome editing would need to be approved for use in assisted reproductive technology before they could be considered for clinical use of heritable human genome editing.Recommendation 8: Any country in which the clinical use of heritable human genome editing (HHGE) is being considered should have mechanisms and competent regulatory bodies to ensure that all of the following conditions are met:individuals conducting HHGE-related activities, and their oversight bodies, adhere to established principles of human rights, bioethics, and global governance;the clinical pathway for HHGE incorporates best practices from related technologies such as mitochondrial replacement techniques, preimplantation genetic testing, and somatic genome editing;decision making is informed by findings from independent international assessments of progress in scientific research and the safety and efficacy of HHGE, which indicate that the technologies are advanced to a point that they could be considered for clinical use;prospective review of the science and ethics of any application to use HHGE is diligently performed by an appropriate body or process, with decisions made on a case-by-case basis;notice of proposed applications of HHGE being considered is provided by an appropriate body;details of approved applications (including genetic condition, laboratory procedures, laboratory or clinic where this will be done, and national bodies providing oversight) are made publicly accessible, while protecting family identities;detailed procedures and outcomes are published in peer-reviewed journals to provide dissemination of knowledge that will advance the field;the norms of responsible scientific conduct by individual investigators and laboratories are enforced;researchers and clinicians show leadership by organizing and participating in open international discussions on the coordination and sharing of results of relevant scientific, clinical, ethical, and societal developments impacting the assessment of HHGE's safety, efficacy, long-term monitoring, and societal acceptability;practice guidelines, standards, and policies for clinical uses of HHGE are created and adopted prior to offering clinical use of HHGE; andreports of deviation from established guidelines are received and reviewed, and sanctions are imposed where appropriate.Recommendation 9:An International Scientific Advisory Panel (ISAP) should be established with clear roles and responsibilities before any clinical use of heritable human genome editing (HHGE). The ISAP should have a diverse, multidisciplinary membership and should include independent experts who can assess scientific evidence of safety and efficacy of both genome editing and associated assisted reproductive technologies.The ISAP should:provide regular updates on advances in, and the evaluation of, the technologies that HHGE would depend on and recommend further research developments that would be required to reach technical or translational milestones;assess whether preclinical requirements have been met for any circumstances in which HHGE may be considered for clinical use;review data on clinical outcomes from any regulated uses of HHGE and advise on the scientific and clinical risks and potential benefits of possible further applications; andprovide input and advice on any responsible translational pathway to the international body described in Recommendation 10, as well as at the request of national regulators.Recommendation 10: In order to proceed with applications of heritable human genome editing (HHGE) that go beyond the translational pathway defined for initial classes of use of HHGE, an international body with appropriate standing and diverse expertise and experience should evaluate and make recommendations concerning any proposed new class of use. This international body should:clearly define each proposed new class of use and its limitations;enable and convene ongoing transparent discussions on the societal issues surrounding the new class of use;make recommendations concerning whether it could be appropriate to cross the threshold of permitting the new class of use; andprovide a responsible translational pathway for the new class of use.Recommendation 11: An international mechanism should be established by which concerns about research or conduct of heritable human genome editing that deviates from established guidelines or recommended standards can be received, transmitted to relevant national authorities, and publicly disclosed. BOX S-1Report Recommendations Recommendation 1: No attempt to establish a pregnancy with a human embryo that has undergone genome editing should proceed unless and until it has been clearly established that it is possible to efficiently and reliably make precise genomic changes without undesired changes in human embryos. These criteria have not yet been met, and further research and review would be necessary to meet them. Recommendation 2: Extensive societal dialogue should be undertaken before a country makes a decision on whether to permit clinical use of heritable human genome editing (HHGE). The clinical use of HHGE raises not only scientific and medical considerations but also societal and ethical issues that were beyond the Commission's charge. Recommendation 3: It is not possible to define a responsible translational pathway applicable across all possible uses of heritable human genome editing (HHGE) because the uses, circumstances, and considerations differ widely, as do the advances in fundamental knowledge that would be needed before different types of uses could be considered feasible. Clinical use of HHGE should proceed incrementally. At all times, there should be clear thresholds on permitted uses, based on whether a responsible translational pathway can be and has been clearly defined for evaluating the safety and efficacy of the use, and whether a country has decided to permit the use. Recommendation 4: Initial uses of heritable human genome editing (HHGE), should a country decide to permit them, should be limited to circumstances that meet all of the following criteria: the use of HHGE is limited to serious monogenic diseases; the Commission defines a serious monogenic disease as one that causes severe morbidity or premature death; the use of HHGE is limited to changing a pathogenic genetic variant known to be responsible for the serious monogenic disease to a sequence that is common in the relevant population and that is known not to be disease-causing; no embryos without the disease-causing genotype will be subjected to the process of genome editing and transfer, to ensure that no individuals resulting from edited embryos were exposed to risks of HHGE without any potential benefit; and the use of HHGE is limited to situations in which prospective parents (i) have no option for having a genetically-related child that does not have the serious monogenic disease, because none of their embryos would be genetically unaffected in the absence of genome editing; or (ii) have extremely poor options, because the expected proportion of unaffected embryos would be unusually low, which the Commission defines as 25 percent or less, and have attempted at least one cycle of preimplantation genetic testing without success. Recommendation 5: Before any attempt to establish a pregnancy with an embryo that has undergone genome editing, preclinical evidence must demonstrate that heritable human genome editing (HHGE) can be performed with sufficiently high efficiency and precision to be clinically useful. For any initial uses of HHGE, preclinical evidence of safety and efficacy should be based on the study of a significant cohort of edited human embryos and should demonstrate that the process has the ability to generate and select, with high accuracy, suitable numbers of embryos that: Recommendation 6: Any proposal for initial clinical use of heritable human genome editing should meet the criteria for preclinical evidence set forth in Recommendation 5. A proposal for clinical use should also include plans to evaluate human embryos prior to transfer using: If, after rigorous evaluation, a regulatory approval for embryo transfer is granted, monitoring during a resulting pregnancy and long-term follow-up of resulting children and adults is vital. Recommendation 7: Research should continue into the development of methods to produce functional human gametes from cultured stem cells. The ability to generate large numbers of such stem cell–derived gametes would provide a further option for prospective parents to avoid the inheritance of disease through the efficient production, testing, and selection of embryos without the disease-causing genotype. However, the use of such in vitro–derived gametes in reproductive medicine raises distinct medical, ethical, and societal issues that must be carefully evaluated, and such gametes without genome editing would need to be approved for use in assisted reproductive technology before they could be considered for clinical use of heritable human genome editing. Recommendation 8: Any country in which the clinical use of heritable human genome editing (HHGE) is being considered should have mechanisms and competent regulatory bodies to ensure that all of the following conditions are met: Recommendation 9:An International Scientific Advisory Panel (ISAP) should be established with clear roles and responsibilities before any clinical use of heritable human genome editing (HHGE). The ISAP should have a diverse, multidisciplinary membership and should include independent experts who can assess scientific evidence of safety and efficacy of both genome editing and associated assisted reproductive technologies. The ISAP should: Recommendation 10: In order to proceed with applications of heritable human genome editing (HHGE) that go beyond the translational pathway defined for initial classes of use of HHGE, an international body with appropriate standing and diverse expertise and experience should evaluate and make recommendations concerning any proposed new class of use. This international body should: Recommendation 11: An international mechanism should be established by which concerns about research or conduct of heritable human genome editing that deviates from established guidelines or recommended standards can be received, transmitted to relevant national authorities, and publicly disclosed. FIGURE S-1The main elements of a clinical translational pathway for a proposed use of HHGE to enable parents to have a genetically-related child without a serious monogenic diseaseThe Commission's work focused on the clinical pathway elements on the right side. FIGURE S-1The main elements of a clinical translational pathway for a proposed use of HHGE to enable parents to have a genetically-related child without a serious monogenic disease The Commission's work focused on the clinical pathway elements on the right side.","Recommendation 3: It is not possible to define a responsible translational
pathway applicable across all possible uses of heritable human genome editing
(HHGE) because the uses, circumstances, and considerations differ widely, as do
the advances in fundamental knowledge that would be needed before different
types of uses could be considered feasible.
Clinical use of HHGE should proceed incrementally. At all times, there should
be clear thresholds on permitted uses, based on whether a responsible trans-
lational pathway can be and has been clearly defined for evaluating the safety
and efficacy of the use, and whether a country has decided to permit the use.",NaT
Heritable Human Genome Editing,2023,nih.gov,https://www.ncbi.nlm.nih.gov/sites/books/n/nap25665/ch5/,National and International Governance of Heritable Human Genome ...,"Warning:The NCBI web site requires JavaScript to function.more... An official website of the United States governmentHere's how you knowThe .gov means it's official.Federal government websites often end in .gov or .mil. Before
							sharing sensitive information, make sure you're on a federal
							government site.The site is secure.Thehttps://ensures that you are connecting to the
							official website and that any information you provide is encrypted
							and transmitted securely. An official website of the United States government The .gov means it's official.Federal government websites often end in .gov or .mil. Before
							sharing sensitive information, make sure you're on a federal
							government site. The site is secure.Thehttps://ensures that you are connecting to the
							official website and that any information you provide is encrypted
							and transmitted securely. Bookshelf NCBI Bookshelf. A service of the National Library of Medicine, National Institutes of Health. The Royal Society; National Academy of Sciences; National Academy of Medicine; International Commission on the Clinical Use of Human Germline Genome Editing. Heritable Human Genome Editing. Washington (DC): National Academies Press (US); 2020 Sep 3. Heritable Human Genome Editing. 5National and International Governance of Heritable Human Genome Editing A responsible translational pathway toward potential clinical uses of heritable human genome editing (HHGE) requires that national and international governance foundations be in place prior to any clinical use.Chapter 5discusses the elements that would need to be part of such systems. This chapter begins by discussing how HHGE intersects with, and poses challenges for, current oversight systems for medical technologies. The chapter then describes the mechanisms that a country would need to establish to ensure responsible oversight of any future clinical uses of HHGE. Finally, the chapter emphasizes the need for international coordination around developments that affect HHGE. The chapter does not delve into detail on how national and international governance systems for HHGE would ultimately be implemented by countries and by the international community—ongoing dialogues including the work of the World Health Organization's (WHO's) Expert Advisory Committee are exploring this area in greater depth. However, this chapter concludes with recommendations for core components of these efforts. A RESPONSIBLE GOVERNANCE SYSTEM FOR HERITABLE HUMAN GENOME EDITING HHGE would entail a form of assisted reproductive technology (ART) used to generate an embryo with an altered genome with a view to establishing a pregnancy. A governance system for the use of HHGE would need to include the ability to oversee all stages of the translational pathway described inChapter 4. These stages include basic and preclinical research to develop methodologies for HHGE that can sufficiently control and characterize the effects of genome editing; national legislative, advisory, and regulatory decision making charged with determining whether a clinical use of HHGE could be considered; and evaluation of outcomes resulting from any clinical use of a genome-edited embryo to establish a pregnancy. Considerations for Societal and Stakeholder Engagement on Heritable Human Genome Editing Prior to the clinical use of HHGE in any country, one important requirement is for public engagement on whether it would be acceptable to use HHGE in that country and, if so, for what purposes and with what governance mechanisms. Genome editing in human embryos should not proceed past preclinical laboratory research unless it is deemed acceptable by a country and unless there are approvals by the relevant bodies to consider it for potential clinical use. The question of precisely how such discussions should proceed was beyond this Commission's charge; however, presentations and submissions to the Commission's call for evidence emphasized a number of additional points to inform future deliberations (seeBox 5-1). Societal Considerations to Inform Future Discussions about HHGE. HERITABLE EDITING IN THE CONTEXT OF CURRENT REGULATORY SYSTEMS A governance system for HHGE would share similarities with the oversight structures that currently guide appropriate conduct in other areas of biomedical research and clinical practice. Because HHGE entails the use of genome editing technologies as a form of assisted reproduction to enable prospective parents to have a child with an altered genome, it shares some characteristics with existing oversight systems in both somatic gene therapies and ARTs. However, the clinical use of HHGE would also pose challenges to current systems. How Heritable Human Genome Editing Would Relate to the Regulation of Gene Therapies Many somatic cell gene therapies currently undergoing clinical development rely on using genome editing technologies. Somatic cell gene therapies have a history of highly regulated oversight in the countries in which they have been carried out, including the United States, Japan, China, India, and countries in Europe. In the United States, the European Union, and China, for example, somatic genome editing is regulated primarily using the frameworks established for prior generations of gene therapies (NASEM, 2017). A number of clinical trials based on somatic genome editing have been initiated in the United States. The regulatory process involves the institutional reviews required for human clinical trials as well as additional institutional oversight by biosafety committees and federal review. Federal oversight includes requirements for prospective approval from the national regulatory authority, the U.S. Food and Drug Administration (FDA), via an Investigational New Drug license or its equivalent. Once clinical trials commence, centralized reporting of adverse events and longitudinal data collected during the clinical trial phases are required for submission of an application to the FDA for approval as a therapeutic to be marketed in a clinical context. Other countries have similar regulatory systems intended to ensure the safety and efficacy of somatic gene therapies tested or approved for use in humans. Regional organizations, such as the European Medicines Agency, promote the development of scientific guidelines in areas such as gene and cell therapy products, and there are other ongoing international dialogues aimed at improving the consistency of somatic gene therapy regulations.1In addition, countries including Chile, Colombia, Mexico, and Panama have incorporated explicit prohibitions on the use of somatic genome editing for purposes that might be perceived as enhancement (Abou-El-Enein et al., 2017;NASEM, 2017). While somatic genome editing shares a similarity with heritable genome editing in that both types of uses rely on genome-editing technologies, there are important differences that challenge the applicability of its regulatory frameworks to HHGE. Somatic therapies fit within an oversight paradigm in which medical interventions are developed and deployed to treat an existing patient with a genetic condition. The effects of the editing are limited to that individual's cells and tissues and are not inheritable, and the largely individual-level harms and benefits can be assessed and explained as part of gaining informed consent. HHGE, on the other hand, provides a reproductive option for prospective parents to have a potential future child without transmitting a disease-causing genotype. The heritable genomic alteration and the potential harms, benefits, and uncertainties that arise may affect not only that child but also any offspring of that child, raising societal concerns and leading to effects that may not be apparent until subsequent generations. How Heritable Human Genome Editing Would Relate to the Existing Regulation of Assisted Reproductive Technologies As noted above, HHGE would constitute a form of ART, and ARTs have a very different history of regulatory oversight from that of somatic gene therapies. Laws regarding the use of ART vary substantially among countries. While there are important lessons to be gleaned from such regulatory experiences (Cohen et al., 2020), this variation will make it difficult to achieve coordinated oversight of HHGE using current ART regulatory systems. A survey conducted in 2018 by the International Federation of Fertility Societies (IFFS), that spanned 89 of the 132 countries believed to be offering ART, found that 64 percent of countries that responded to the survey had legislation regulating the use of these technologies, with a focus on licensing clinics, physicians, and laboratories. Penalties for violating regulations ranged from admonishment to imprisonment, with the most frequently used sanctions reportedly being financial penalties, loss of license, and threat of criminal prosecution (IFFS, 2019). One of the ARTs most relevant to the discussion of HHGE is preimplantation genetic testing (PGT), in which cells removed from an early embryo created through in vitro fertilization (IVF) are genetically analyzed and only embryos having specified genotypes are transferred to establish a pregnancy. The majority of countries responding to the IFFS survey reported that they allow PGT for prevention of monogenic disease. These countries were split almost equally with respect to whether laws or regulations permitting the use of PGT were accompanied by further guidelines restricting how it could be used. Research analyzing national approaches to the use of PGT found that they were typically based on the seriousness of a condition (Isasi et al., 2016). For example, Mexican legislation prohibits PGT for any purpose other than “the elimination or reduction of serious diseases or defects,” while other countries require a “substantial risk” of the disease occurring or that the disease is “untreatable” or “incurable” (Isasi et al., 2016). The United Kingdom is an example of a country that utilizes “seriousness” in its evaluation of PGT applications and where the use of IVF with PGT is permitted only to prevent specific genetic conditions that have been approved by the Human Fertilisation and Embryology Authority. Its list of permitted conditions now totals more than 600 and includes the use of PGT to select an embryo that is immunologically matched to a sibling with a disease (savior sibling PGT).2In France, only couples at high risk of having a child affected by a “particularly serious and not curable” genetic disease are allowed to use PGT under the national public health code, with oversight by the country's biomedical agency (Agence de la Biomédecine). Requests for PGT are evaluated on a case-by-case basis rather than against a list of allowed uses. A review committee at each major reproductive medicine center evaluates the requested use and reports annually to the Agence de la Biomédecine on its decisions. This enables retrospective analysis of the criteria by which such requests are judged, which take account of factors such as risk of disease, anticipated disease manifestation, and family medical history. In China, regulations on ARTs were published by the Ministry of Health in 2001 and were amended in 2003 into a document titled “Technical Standards, Basic Requirements, and Ethical Principles on Human ARTs and Related Technologies and Human Sperm Bank.” Any medical institutions permitted to carry out human ARTs are required to meet these regulations and standards and to obtain an approval certificate from the Ministry of Health. Medical institutions offering these technologies are required by law to have ethics committees, which review certain proposed methods or some specific cases. PGT has been used for those couples that are at high risk of having a child with single-gene disease, chromosome disorders, or sex-linked genetic disease, but it is not allowed for sex selection. In the United States, ARTs are offered in the context of the practice of clinical medicine without a requirement for regulatory approval. There are no federal restrictions on the conditions for which PGT can be used. Instead, PGT use is guided by any state laws that may restrict uses, professional guidelines, and the choices of clinicians and prospective parents (Bayefsky, 2016,2018). Mitochondrial replacement techniques (MRT) represent a novel form of ART, which are currently permitted for clinical use in the United Kingdom. The approach taken by the United Kingdom to develop a translational pathway and oversight regime for this technology can provide an informative model to help guide the development of national oversight systems relevant to HHGE. As described inChapter 1, the characteristics include a controlled step-wise process under the auspices of appropriate national regulators; limitation to cases involving parents wishing to have a genetically-related child unaffected by serious disease; limited licensure to use in single cases rather than blanket approval, with ongoing review before subsequent licenses are issued; a comprehensive informed consent process; long-term follow-up of offspring; and prohibition of uses beyond the permitted indication. Lessons Applicable to the Creation of an Oversight System for Heritable Human Genome Editing As with other medical technologies, an oversight system for HHGE would need to address all stages of a research and clinical translation pathway. Because multiple actors contribute to any translational pathway, responsibilities at individual, institutional, national, and international levels will be required. Investigators and clinicians will need to adhere to relevant norms, guidelines, standards, and policies. For example, these may include or draw on policies developed for governance of gene therapies and for governance of ARTs. Well-specified processes will need to be established for institutional boards to review clinical use protocols, including appropriate protections for participants. Prior to the initiation of any clinical use, approvals will be required from relevant national advisory bodies and national regulatory authorities that assess the context of proposed use, preclinical evidence, clinical protocols, and plans for follow-up. Processes will need to be implemented for national and international discussion, coordination, and sharing of results on relevant scientific, ethical, and societal developments impacting the assessment of HHGE's safety, efficacy, and societal acceptability (seeBox 5-2). Experience Conducting Independent Assessments of Safety and Efficacy of Mitochondrial Replacement Techniques. Legal and Regulatory Frameworks The legal and regulatory status of HHGE varies considerably among countries. HHGE is currently prohibited by law in dozens of countries including many in Europe as well as the United States, where federal budget provisions currently prevent the FDA from considering any application for clinical use of HHGE (Kaiser, 2019). Any clinical use of HHGE in these countries would require changes to the relevant legislation. All countries in which HHGE research and clinical applications may be pursued will need regulatory mechanisms to oversee use of HHGE and impose sanctions where appropriate, as well as a clearly communicated way for concerns about possible violations of regulations to be reported. Because HHGE would be deployed within an existing culture of IVF and ART clinics, it will be important to engage with this community on the issues posed by HHGE prior to any clinical uses. However, relying on professional conduct guidelines and self-regulation for an emerging and controversial technology such as HHGE may be insufficient. At a minimum, laws or regulations incorporating penalties for any unauthorized use of HHGE should be considered in countries that do not currently have them. Each country that considers the development of HHGE will end up drawing on the regulatory infrastructure and oversight authorities available under its laws and regulations. For a country such as the United Kingdom, the Human Fertilisation and Embryology Act could be further amended to permit HHGE, as it was in 2008 to enable the Authority to evaluate applications for MRT. If the U.S. government were to decide to permit clinical use of HHGE, it would also need to consider whether the FDA or other state and federal regulatory bodies need additional authorities to oversee the practice of assisted reproductive medicine, since HHGE would take place in ART clinics. Other countries may similarly need to wrestle with how HHGE could fit within or challenge national medical oversight systems and determine whether they need to create new oversight paradigms or whether existing oversight mechanisms could be modified to sufficiently address the oversight needs for HHGE. REQUIREMENTS FOR NATIONAL OVERSIGHT SYSTEMS FOR HERITABLE HUMAN GENOME EDITING Regardless of the details of the regulatory systems that a country may design for HHGE, national regulatory authorities or their equivalents would need to establish the specific criteria that must be met for any translational application of HHGE to proceed in their jurisdictions. To address the characteristics for responsible governance of HHGE identified above, all countries in which it is being considered would need to have mechanisms in place to oversee translational progress toward potential clinical use of HHGE, to prevent unpermitted uses and to sanction any misconduct. The issues that will need to be addressed through national systems wherever HHGE is proposed to be undertaken include: Adherence to Human Rights and to Bioethical Principles. THE NEED FOR A SYSTEM OF GLOBAL COORDINATION AND COLLABORATION While countries have decision-making authority concerning the research toward, or clinical use of HHGE, it is critical to also have international scientific and ethical cooperation on HHGE. A translational pathway for HHGE therefore requires governance systems that extend beyond those of individual countries to enable transparent discussion about any approved clinical uses of HHGE and the resulting outcomes. This is because: With respect to both biomedical research and clinical practice, in general, countries have framed licensing powers and accompanying professional duties within their legislation and regulations on health and their health systems, through the creation of statutory oversight bodies, or, more rarely, via legislation on specific sectors or technologies. The approach varies from country to country or it is defined in regional alliances. Any proposed mechanism for international governance of HHGE will need to provide for at least three functions: An international scientific advisory panel to provide ongoing technical assessment and evaluation of developments in the science and technologies on which HHGE depends and to make recommendations about their suitability and readiness for particular clinical uses. An international body for evaluating and making recommendations on crossing major thresholds associated with the clinical use of HHGE, based on consideration of a wide range of societal and scientific perspectives. In the current context, a threshold represents a boundary that distinguishes a currently accepted use from another that is not currently accepted. Before crossing any threshold, it will be important for the global community to assess not only progress in scientific research but also what additional ethical and societal concerns the circumstances of particular uses could raise, as well as any results, successes, or concerns that had been observed from any human uses of HHGE that had been conducted thus far. An international mechanism by which individuals or organizations in one country can bring forward technical or ethical concerns arising from HHGE work conducted in their own country or in another country. These necessary functions are explored below. An International Scientific Advisory Panel to Monitor and Assess Relevant Scientific and Clinical Developments As emphasized throughout the report, before any country should consider approving the clinical use of HHGE, further technical developments are essential. There is therefore a need for the ongoing technical assessment and evaluation of developments in the science and technologies on which HHGE depends, as well as making recommendations about their suitability and readiness for particular clinical uses. Multiple gaps in the ability to fully characterize such genome editing or assess its effects make it premature to use any HHGE approaches at the time of this writing, and articulating the essential characteristics of a translational pathway does not mean that a country should necessarily permit even initial clinical uses. There is, therefore, a need for an international advisory body to regularly review the latest scientific evidence and to evaluate its potential impact on the feasibility of HHGE. The necessary functions of such scientific review include: There are existing international activities that play a valuable role in contributing to the technical assessment of the science and technologies underlying HHGE. The two international summits on human genome editing convened by various scientific academies (including the U.S. National Academies of Sciences and Medicine, the U.K.'s Royal Society, the Chinese Academy and the Hong Kong Academy, and others) have brought together the scientific community for scientific presentations relevant to HHGE. A third summit is planned for 2021. Professional societies in science or medicine can also play a role in scientific review and standards development. In stem cell research, the International Society for Stem Cell Research has an ongoing mechanism for the creation and revision of guidelines (ISSCR, 2016) for research and clinical practice in the stem cell field. In the ART field, the U.S. Society for Assisted Reproductive Technology (SART) provides access to data from IVF clinics for research and comparison and is developing a standardized document for informed consent in collaboration with the American Association of Law Schools.3 However, these activities are largely informal and ad hoc. The examples demonstrate that although existing structures and processes can fulfill some of the functions necessary, none do or can perform the collection of functions recommended for ongoing technical assessment and evaluation of the technologies foundational to HHGE. For this reason, the Commission recommends the creation of an International Scientific Advisory Panel (ISAP) that would provide regular scientific and technical assessments as part of the international governance efforts for HHGE described above (seeFigure 5-1). An ISAP would need the endorsement of national governments to have the standing and influence required to perform these functions. It would also need to be flexible given the potential for rapid advances in areas of science that contribute to the feasibility of HHGE. The panel would need to convene regularly in person or virtually, likely at least once per year, with additional meetings and discussions as needed. To be most effective, such a panel would need to have diverse, multidisciplinary membership and include independent experts who can assess scientific evidence of safety and efficacy of both genome editing and associated ARTs. It should include international experts from multiple disciplines including genetics, genome editing, reproductive medicine, pediatric and adult medicine, bioethics, law, and other fields. This combination is similar to that for Data Safety and Monitoring Boards or Data Monitoring Committees for large, often multi-site, clinical trials, which seek to ensure relevant expertise in clinical specialty areas, clinical trial methodologies and analysis, biostatistics, and often in the ethics of design, conduct, and interpretation of clinical trials.4Because the panel would be assessing evidence that could be used to support progress toward initial use of HHGE for serious monogenic diseases, the panel would also greatly benefit from including representatives of the public, such as members of genetic disease and disability communities. An ISAP would provide regular, independent assessments along the clinical translational pathway, as envisioned in Chapter 4, toward HHGE for certain circumstances of serious monogenic diseases. These assessments would include reviewing advances in preclinical(more...) Existing national and international networks could be drawn on to identify members who could be nominated to such a panel. For example, national academies of sciences and medicine, the global network of science academies (the InterAcademy Partnership), national and international professional societies in relevant areas, genetic disease and disability communities, and scientific, medical, and technical experts in relevant government ministries might all serve to identify colleagues who are leaders in their disciplines and could bring the expertise and cooperative spirit required to this task. National and international discussions would be needed to agree on the panel's terms of reference, its convener, and how its activities would be funded. The Commission is not wed to any particular body or organization for establishing an ISAP but emphasizes its recommendation that any translational pathway toward HHGE requires establishing a systematic and rigorous way to fulfill the five functions described above in order to enable independent expert review of scientific and clinical evidence to inform national and international governance. Advances in areas of science relevant to HHGE, as well as in the practice of IVF and PGT, will have implications for whether the translational pathway criteria specified inChapter 4can be met. As this pathway was developed for the very first possible uses of HHGE considering the current state of science, it will be important to be open to scientific developments that could alter the methodologies employed to meet the requirements. It will also be important to assess evidence gained from further basic research and preclinical testing and from any future initial human uses. The Commission strongly believes that successfully carrying out these functions requires more than the current informal and ad hoc systems. International Body for Evaluating and Making Recommendations before Crossing Heritable Human Genome Editing Thresholds This report has categorized possible clinical uses of HHGE according to the assessment of the potential harms and benefits they present, with a focus on initial clinical uses. However, decisions about whether to allow HHGE, and, if so, for what purposes, should be based on a wider set of considerations than just scientific assessments. Initial human use of HHGE beyond preclinical development represents a decision that should be based on science, ethics, and societal implications. It will be important for countries to engage in discussions about when, if ever, it is acceptable to move forward with HHGE within their countries and, if so, where to set thresholds on allowable uses. Subsequent decisions about whether to cross additional thresholds to allow further uses of HHGE will similarly require transparent international discussions convened by an institution responsible for ensuring that these discussions are held regularly and that they engage a diversity of viewpoints (seeFigure 5-2). International discussions would be required to determine whether it would be possible to cross significant thresholds and describe translational pathways for potential uses of HHGE. There is already a range of international bodies whose responsibilities include convening international discussions on the development and regulation of medical technologies. Organizations such as WHO, the Organisation for Economic Cooperation and Development (OECD), and the United Nations Educational, Scientific and Cultural Organization (UNESCO), for example, all have the requisite experience that could enable an inclusive and transparent debate about whether and how to proceed with HHGE. Other organizations could also be selected for this purpose. Regardless of where housed or how structured, this international body would need a wide range of perspectives, including from (i) stakeholder communities that could be affected by future uses of HHGE, such as members of disability and disease communities; (ii) scientific fields, including medicine and social sciences; and (iii) law, ethics, and regulation. This should include experts from countries where there are communities that have increased incidence of genetic disease due to factors such as founder mutations or high rates of consanguineous union. As with the current Commission, assessments from this process would inform and be advisory to national and international decision making. If initial clinical uses of HHGE were ever permitted, those uses would only be considered in a carefully prescribed set of circumstances and would likely entail only a small number (on the order of 10–20) of cases. Assuming analysis of the outcomes of any initial uses did not raise further concerns about the safety and efficacy of HHGE, it might be deemed appropriate to consider uses in circumstances beyond those initially envisaged by this Commission. Before progressing beyond those initial cases toward any further clinical uses of HHGE, it would be important for the global community to pause and reassess not only the state of the science but also what additional ethical and societal concerns new circumstances of uses could raise. New classes of use may or may not precisely align with the six categories defined inChapter 3. Making recommendations on whether it is appropriate to cross subsequent thresholds in the use of HHGE would be a key role for an international body with responsibility for convening the international debate on HHGE. Potential uses of HHGE beyond the circumstances set out by this Commission open the door to impacting reproductive options for a significantly larger group of people. Making HHGE available to couples in Category B beyond the narrow circumstances described inChapter 3would represent a significant expansion in the possible scope of this technology. As a result, a respected body would be needed that can assess whether it is feasible to envision new responsible translational pathways and what these pathways should entail. This process should be complemented by other efforts by civil society to promote international cooperation on approaches to responsible development of medical technologies. For example, the Global Observatory on Genome Editing is being set up to foster international, interdisciplinary discussions on genome editing (Hurlbut et al., 2018). Similarly, the Association for Responsible Research and Innovation in Genome Editing (ARRIGE) was launched in 2018 to promote global governance of genome editing.5Both ARRIGE and the Global Observatory promote cross-sector discussions of whether genome editing technologies should be used and, if so, for what purposes. There are also international processes that focus more on promoting responsible scientific conduct, for example, the Good Clinical Practice guidance for clinical trials developed by the International Council for Harmonisation of Technical Requirements for Pharmaceuticals for Human Use (ICH), whose members and observers include national regulatory agencies, industry, and international organizations.6The ICH develops its guidelines through a process that includes formation of an expert working group to draft a technical document on an issue, followed by development by regulatory members of a draft guideline. The draft guideline undergoes a process of consultation and revision before being adopted by ICH. Although governance of HHGE would require engaging a broader and more diverse community than encompassed by ICH, this step-wise process encourages input and buy-in from the represented stakeholders. The launch by WHO in 2019 of initial phases of a global registry for genome editing clinical trials also represents an important step in the ability to monitor advances in HHGE and to maintain awareness of actions being taken within national jurisdictions.7 A Mechanism to Bring Forward Concerns about Research or Clinical Use of Heritable Human Genome Editing After the announcement in 2018 that children had been born in China following the use of HHGE, an important question posed was how individuals who may have known about the work being conducted could have raised concerns, particularly if they were in one country and the investigator and the research being undertaken were in another. The Commission is not aware of a precise precedent for such an international mechanism that is accessible to anyone who would like to raise a concern. Future governance of HHGE requires an international mechanism for individuals and groups to raise concerns about possible violations of regulations or activities related to any clinical practice of HHGE in jurisdictions without regulations. There should be a highly visible, easily discoverable entity to which people everywhere may direct their concerns about activity in any country. In developing this mechanism, it will be important to keep in mind that raising concerns about scientific or clinical practices can have personal and professional ramifications for the person making the complaint. It is therefore important to maintain anonymity for anyone using this service. Similarly, details of a complaint should not be made public without prior investigation to protect individuals, institutions, and businesses from false accusations. Such investigations would be the responsibility of national regulatory authorities where available. These authorities would be informed by the international mechanism that a complaint had been made against someone within their jurisdiction. Although there is no exact precedent, there are relevant examples that can inform the design of such a mechanism. The World Anti-Doping Agency (WADA) has a means by which anyone can report an “Alleged Anti-Doping Rule Violation or any act or omission that could undermine the fight against doping.”8Some research funders have also developed mechanisms to facilitate the investigation of complaints made against researchers they fund. CONCLUSION AND RECOMMENDATIONS The pursuit of a translational pathway toward the clinical use of HHGE would represent the controlled alteration of a human embryonic genome using genome-editing tools, offered as part of an assisted reproduction intervention. All countries pursuing research on or considering the use of HHGE will need to establish oversight systems for this technology, even though national regulatory frameworks for HHGE will differ in their structures and approaches. The governance structures needed for HHGE will also require new models of international coordination. Complex scientific and clinical information will need to be assessed to identify whether the criteria for clinically evaluating a proposed use of HHGE can be met and to incorporate any resulting outcomes into future discussions and decision making. Achieving national and international coordination will pose challenges. But this is exactly why it will be critical to create robust processes by which there can be appropriate and transparent shared responsibility for moving HHGE forward thoughtfully and cautiously, only if there is clear scientific consensus to continue and only if a given country decides to permit its use. The Commission recommends the following actions as part of this process. Essential Elements of Oversight Systems for Heritable Human Genome Editing Important national and international governance mechanisms should be established before any clinical use of HHGE. Recommendation 8: Any country in which the clinical use of heritable human genome editing (HHGE) is being considered should have mechanisms and competent regulatory bodies to ensure that all of the following conditions are met: Recommendation 9: An International Scientific Advisory Panel (ISAP) should be established with clear roles and responsibilities before any clinical use of heritable human genome editing (HHGE). The ISAP should have a diverse, multidisciplinary membership and should include independent experts who can assess scientific evidence of safety and efficacy of both genome editing and associated assisted reproductive technologies. The ISAP should: Recommendation 10: In order to proceed with applications of heritable human genome editing (HHGE) that go beyond the translational pathway defined for initial classes of use of HHGE, an international body with appropriate standing and diverse expertise and experience should evaluate and make recommendations concerning any proposed new class of use. This international body should: Recommendation 11: An international mechanism should be established by which concerns about research or conduct of heritable human genome editing that deviates from established guidelines or recommended standards can be received, transmitted to relevant national authorities, and publicly disclosed. Footnotes Seehttp://www​.iprp.global​/working-group/gene-therapy. Seehttps://www​.hfea.gov​.uk/treatments/embryo-testing-and-treatments-for-disease​/approved-pgd-and-ptt-conditions/. Seewww​.sart.org. Recent SART clinic reports are available athttps://www​.sartcorsonline​.com/rptCSR_PublicMultYear​.aspx?reportingYear=2017for 2017, and preliminary 2018 data athttps://www​.sartcorsonline​.com/rptCSR_PublicMultYear​.aspx?reportingYear=2018. See FDA guidance athttps://www​.fda.gov/regulatory-information​/search-fda-guidance-documents​/establishment-and-operation-clinical-trial-data-monitoring-committees; and NIH guidelines athttps://www​.nidcr.nih​.gov/research/human-subjects-research​/toolkit-and-education-materials​/interventional-studies​/data-and-safety-monitoring-board-guidelines. Seehttps://www​.arrige.org. Seehttps://www​.ich.org. Information on the registry is available athttps://www​.who.int/health-topics​/ethics​/human-genome-editing-registry/. The registry collects information on clinical trials using somatic genome editing as well as any clinical trials that would be conducted using HHGE. Seehttps://speakup​.wada-ama​.org/FrontPages/Default.aspx. Views In this Page Other titles in this collection Recent Activity Your browsing activity is empty. Activity recording is turned off. Turn recording back on Follow NCBITwitterFacebookLinkedInGitHubNCBI Insights Blog Connect with NLMTwitterFacebookYoutubeNational Library of Medicine8600 Rockville PikeBethesda, MD 20894Web PoliciesFOIAHHS Vulnerability DisclosureHelpAccessibilityCareers Connect with NLM National Library of Medicine8600 Rockville PikeBethesda, MD 20894 Web PoliciesFOIAHHS Vulnerability Disclosure HelpAccessibilityCareers We are experimenting with display styles that make it easier to read books and documents     in Bookshelf.     Our first effort uses ebook readers, which have several ""ease of reading""     features already built in. The content is best viewed in theiBooks     reader. You may notice problems with the display of some features of books or documents    in other eReaders.","Recommendation 3: It is not possible to define a responsible translational
pathway applicable across all possible uses of heritable human genome editing
(HHGE) because the uses, circumstances, and considerations differ widely, as do
the advances in fundamental knowledge that would be needed before different
types of uses could be considered feasible.
Clinical use of HHGE should proceed incrementally. At all times, there should
be clear thresholds on permitted uses, based on whether a responsible trans-
lational pathway can be and has been clearly defined for evaluating the safety
and efficacy of the use, and whether a country has decided to permit the use.",NaT
Heritable Human Genome Editing,2023,nih.gov,https://pmc.ncbi.nlm.nih.gov/articles/PMC8935482/,Reactions to the National Academies/Royal Society Report on ...,"Reactions to the National Academies/Royal Society Report onHeritable Human Genome Editing. In September 2020, a detailed report onHeritable Human Genome Editingwas published. The report offers a translational pathway for the limited approval of germline editing under limited circumstances and assuming various criteria have been met. In this perspective, some three dozen experts from the fields of genome editing, medicine, bioethics, law, and related fields offer their candid reactions to the National Academies/Royal Society report, highlighting areas of support, omissions, disagreements, and priorities moving forward.","Recommendation 3: It is not possible to define a responsible translational
pathway applicable across all possible uses of heritable human genome editing
(HHGE) because the uses, circumstances, and considerations differ widely, as do
the advances in fundamental knowledge that would be needed before different
types of uses could be considered feasible.
Clinical use of HHGE should proceed incrementally. At all times, there should
be clear thresholds on permitted uses, based on whether a responsible trans-
lational pathway can be and has been clearly defined for evaluating the safety
and efficacy of the use, and whether a country has decided to permit the use.",2020-10-01
Heritable Human Genome Editing,2023,nih.gov,https://pmc.ncbi.nlm.nih.gov/articles/PMC8260147/,GENE EDITING: HOW CAN YOU ASK 'WHETHER' IF YOU DON'T ...,"Gene Editing: How Can You Ask ""Whether"" If You Don't Know ""How""? Though questions about whether gene editing should be done at all have dominated ethical discussion, a literature about how it can be done ethically has been growing. Work on responsible translational pathways for human germline gene editing has been criticized for focusing on the wrong questions. But questions about responsible translational pathways-questions about how gene editing could be done ethically-are, in an important sense, prior to questions about whether it is desirable and permissible. Asking ""whether"" questions about gene editing requires a model of what responsible clinical use of gene editing would look like.","Recommendation 3: It is not possible to define a responsible translational
pathway applicable across all possible uses of heritable human genome editing
(HHGE) because the uses, circumstances, and considerations differ widely, as do
the advances in fundamental knowledge that would be needed before different
types of uses could be considered feasible.
Clinical use of HHGE should proceed incrementally. At all times, there should
be clear thresholds on permitted uses, based on whether a responsible trans-
lational pathway can be and has been clearly defined for evaluating the safety
and efficacy of the use, and whether a country has decided to permit the use.",2021-05-01
Heritable Human Genome Editing,2023,nih.gov,https://pmc.ncbi.nlm.nih.gov/articles/PMC10953736/,Points to consider in the development of national human genome ...,"Points to consider in the development of national human genome editing policy. Clustered regularly interspaced short palindromic repeats and other genome editing technologies have the potential to transform the lives of people affected by genetic disorders for the better. However, it is widely recognised that they also raise large ethical and policy questions. The focus of this article is on how national genome editing policy might be developed in ways that give proper recognition to these big questions. The article first considers some of the regulatory challenges involved in dealing these big ethical and social questions, and also economic issues. It then reviews the outcomes of a series of major reports on genome editing from international expert bodies, with a particular focus on the work of the World Health Organization's expert committee on genome editing. The article then summarises five policy themes that have emerged from this review of the international reports together with a review of other literature, and the authors' engagement with members of the Australian public and with a wide range of experts across multiple disciplines. Each theme is accompanied by one to three pointers for policymakers to consider in developing genome editing policy.","Recommendation 3: It is not possible to define a responsible translational
pathway applicable across all possible uses of heritable human genome editing
(HHGE) because the uses, circumstances, and considerations differ widely, as do
the advances in fundamental knowledge that would be needed before different
types of uses could be considered feasible.
Clinical use of HHGE should proceed incrementally. At all times, there should
be clear thresholds on permitted uses, based on whether a responsible trans-
lational pathway can be and has been clearly defined for evaluating the safety
and efficacy of the use, and whether a country has decided to permit the use.",2023-01-01
Heritable Human Genome Editing,2023,nih.gov,https://www.ncbi.nlm.nih.gov/books/NBK447266/,Oversight of Human Genome Editing and Overarching Principles for ...,No title available. No abstract available.,"Recommendation 4: Initial uses of heritable human genome editing (HHGE), should a country decide to permit them, should be limited to circumstances that meet all of the following criteria: ... [criteria as listed above]",NaT
Heritable Human Genome Editing,2023,nih.gov,https://pubmed.ncbi.nlm.nih.gov/28777929/,Human Germline Genome Editing,"Human Germline Genome Editing. With CRISPR/Cas9 and other genome-editing technologies, successful somatic and germline genome editing are becoming feasible. To respond, an American Society of Human Genetics (ASHG) workgroup developed this position statement, which was approved by the ASHG Board in March 2017. The workgroup included representatives from the UK Association of Genetic Nurses and Counsellors, Canadian Association of Genetic Counsellors, International Genetic Epidemiology Society, and US National Society of Genetic Counselors. These groups, as well as the American Society for Reproductive Medicine, Asia Pacific Society of Human Genetics, British Society for Genetic Medicine, Human Genetics Society of Australasia, Professional Society of Genetic Counselors in Asia, and Southern African Society for Human Genetics, endorsed the final statement. The statement includes the following positions. (1) At this time, given the nature and number of unanswered scientific, ethical, and policy questions, it is inappropriate to perform germline gene editing that culminates in human pregnancy. (2) Currently, there is no reason to prohibit in vitro germline genome editing on human embryos and gametes, with appropriate oversight and consent from donors, to facilitate research on the possible future clinical applications of gene editing. There should be no prohibition on making public funds available to support this research. (3) Future clinical application of human germline genome editing should not proceed unless, at a minimum, there is (a) a compelling medical rationale, (b) an evidence base that supports its clinical use, (c) an ethical justification, and (d) a transparent public process to solicit and incorporate stakeholder input.","Recommendation 4: Initial uses of heritable human genome editing (HHGE), should a country decide to permit them, should be limited to circumstances that meet all of the following criteria: ... [criteria as listed above]",2017-08-03
Heritable Human Genome Editing,2023,nih.gov,https://pubmed.ncbi.nlm.nih.gov/33095042/,Human Germ Line and Heritable Genome Editing: The Global Policy ...,"Human Germ Line and Heritable Genome Editing: The Global Policy Landscape. Discussions and debates about the governance of human germline and heritable genome editing should be informed by a clear and accurate understanding of the global policy landscape. This policy survey of 106 countries yields significant new data. A large majority of countries (96 out of 106) surveyed have policy documents-legislation, regulations, guidelines, codes, and international treaties-relevant to the use of genome editing to modify early-stage human embryos, gametes, or their precursor cells. Most of these 96 countries do not have policies that specifically address the use of genetically modifiedin vitroembryos in laboratory research (germline genome editing); of those that do, 23 prohibit this research and 11 explicitly permit it. Seventy-five of the 96 countries prohibit the use of genetically modifiedin vitroembryos to initiate a pregnancy (heritable genome editing). Five of these 75 countries provide exceptions to their prohibitions. No country explicitly permits heritable human genome editing. These data contrast markedly with previously reported findings.","Recommendation 4: Initial uses of heritable human genome editing (HHGE), should a country decide to permit them, should be limited to circumstances that meet all of the following criteria: ... [criteria as listed above]",2020-10-01
Heritable Human Genome Editing,2023,nih.gov,https://pmc.ncbi.nlm.nih.gov/articles/PMC5544380/,Human Germline Genome Editing - PMC,"Human Germline Genome Editing. With CRISPR/Cas9 and other genome-editing technologies, successful somatic and germline genome editing are becoming feasible. To respond, an American Society of Human Genetics (ASHG) workgroup developed this position statement, which was approved by the ASHG Board in March 2017. The workgroup included representatives from the UK Association of Genetic Nurses and Counsellors, Canadian Association of Genetic Counsellors, International Genetic Epidemiology Society, and US National Society of Genetic Counselors. These groups, as well as the American Society for Reproductive Medicine, Asia Pacific Society of Human Genetics, British Society for Genetic Medicine, Human Genetics Society of Australasia, Professional Society of Genetic Counselors in Asia, and Southern African Society for Human Genetics, endorsed the final statement. The statement includes the following positions. (1) At this time, given the nature and number of unanswered scientific, ethical, and policy questions, it is inappropriate to perform germline gene editing that culminates in human pregnancy. (2) Currently, there is no reason to prohibit in vitro germline genome editing on human embryos and gametes, with appropriate oversight and consent from donors, to facilitate research on the possible future clinical applications of gene editing. There should be no prohibition on making public funds available to support this research. (3) Future clinical application of human germline genome editing should not proceed unless, at a minimum, there is (a) a compelling medical rationale, (b) an evidence base that supports its clinical use, (c) an ethical justification, and (d) a transparent public process to solicit and incorporate stakeholder input.","Recommendation 4: Initial uses of heritable human genome editing (HHGE), should a country decide to permit them, should be limited to circumstances that meet all of the following criteria: ... [criteria as listed above]",2017-08-03
Heritable Human Genome Editing,2023,nih.gov,https://pmc.ncbi.nlm.nih.gov/articles/PMC9310509/,Responsible governance of human germline genome editing in ...,"Responsible governance of human germline genome editing in China†. Considerable improvements have been made to gene editing technology, which has been increasingly applied to research involving humans. Nevertheless, human heritable germline genome editing is associated with a series of potential ethical, legal, and social risks, which have generated major controversies and discussions worldwide, especially after the ""gene-edited babies"" incident. Influenced by this incident, China has realized the importance of ethical governance in the field of life science and technology, has accelerated legislative and policy efforts in this field, and has gradually moved toward the direction of ""precautionary"" ethical governance. Black letter analysis, big data public opinion analysis, and other research methods are used in this paper. This paper explores the scientific background, ethical debates, and latest developments regarding China's regulatory framework for human germline gene editing after the ""gene-edited babies"" controversy and provides several recommendations on the future governance system of human germline gene editing in China. This paper argues that in recent years, the ethics governance of germline genome editing in China has been accelerated and great changes have been made. However, the regulatory system for germline genome editing requires further improvement in three aspects: coordination of legislation and agencies, establishment of an ethics review system at high levels, and public participation and education.","Recommendation 4: Initial uses of heritable human genome editing (HHGE), should a country decide to permit them, should be limited to circumstances that meet all of the following criteria: ... [criteria as listed above]",2022-07-25
Heritable Human Genome Editing,2023,nih.gov,https://pubmed.ncbi.nlm.nih.gov/26161331/,Artificial gametes from stem cells,"Artificial gametes from stem cells. The generation of artificial gametes is a real challenge for the scientific community today. In vitro development of human eggs and sperm will pave the way for the understanding of the complex process of human gametogenesis and will provide with human gametes for the study of infertility and the onset of some inherited disorders. However, the great promise of artificial gametes resides in their future application on reproductive treatments for all these people wishing to have genetically related children and for which gamete donation is now their unique option of parenthood. This is the case of infertile patients devoid of suitable gametes, same sex couples, singles and those fertile couples in a high risk of transmitting serious diseases to their progeny. In the search of the best method to obtain artificial gametes, many researchers have successfully obtained human germ cell-like cells from stem cells at different stages of differentiation. In the near future, this field will evolve to new methods providing not only viable but also functional and safe artificial germ cells. These artificial sperm and eggs should be able to recapitulate all the genetic and epigenetic processes needed for the correct gametogenesis, fertilization and embryogenesis leading to the birth of a healthy and fertile newborn.","Recommendation 7: Research should continue into the development of methods to produce functional human gametes from cultured stem cells. The ability to generate large numbers of such stem cell–derived gametes would provide a further option for prospective parents to avoid the inheritance of disease through the effi­ cient production, testing, and selection of embryos without the disease- causing genotype. However, the use of such in vitro–derived gametes in reproductive medicine raises distinct medical, ethical, and societal issues that must be carefully evaluated, and such gametes without genome editing would need to be approved for use in assisted reproductive technology before they could be considered for clinical use of heritable human genome editing.",2015-06-01
Heritable Human Genome Editing,2023,nih.gov,https://pubmed.ncbi.nlm.nih.gov/30679436/,Female subfertility,"Female subfertility. Subfertility is common and affects one in six couples, half of whom lack an explanation for their delay in conceiving. Developments in the diagnosis and treatment of subfertility over the past 50 years have been truly remarkable. Indeed, current generations of couples with subfertility are more fortunate than previous generations, as they have many more opportunities to become parents. The timely access to effective treatment for subfertility is important as many couples have a narrow window of opportunity before the age-related effects of subfertility limit the likelihood of success. Assisted reproduction can overcome the barriers to fertility caused by tubal disease and low sperm count, but little progress has been made in reducing the effect of increasing age on ovarian function. The next 5-10 years will likely see further increases in birth rates in women with subfertility, a greater awareness of lifestyle factors and a possible refinement of current assisted reproduction techniques and the development of new ones. Such progress will bring challenging questions regarding the potential benefits and harms of treatments involving germ cell manipulation, artificial gametes, genetic screening of embryos and gene editing of embryos. We hope to see a major increase in fertility awareness, access to safe and cost-effective fertility care in low-income countries and a reduction in the current disparity of access to fertility care.","Recommendation 7: Research should continue into the development of methods to produce functional human gametes from cultured stem cells. The ability to generate large numbers of such stem cell–derived gametes would provide a further option for prospective parents to avoid the inheritance of disease through the effi­ cient production, testing, and selection of embryos without the disease- causing genotype. However, the use of such in vitro–derived gametes in reproductive medicine raises distinct medical, ethical, and societal issues that must be carefully evaluated, and such gametes without genome editing would need to be approved for use in assisted reproductive technology before they could be considered for clinical use of heritable human genome editing.",2019-01-24
Heritable Human Genome Editing,2023,nih.gov,https://pubmed.ncbi.nlm.nih.gov/17499440/,Fertility issues in survivors from adolescent cancers,"Fertility issues in survivors from adolescent cancers. Infertility is a common and distressing late-effect of cancer treatment. Whist sperm banking for post-pubertal males and embryo freezing for women (who are in a stable relationship at the time of treatment) are highly successful fertility preservation strategies, for females without a partner (including young and pre-pubescent girls) and pre-pubescent boys (or azoospermic men), there remain no effective approaches. Whilst the biological effects of cancer treatments on the reproductive system are well described, there are few data on the relative incidence of infertility (failure to conceive after one year of trying) in cancer survivors. This makes it difficult to advise survivors about their future fertility prospects. Whilst some will undoubtedly conceive naturally with their partner, others will require assisted conception treatment of which in vitro fertilisation (IVF) and intra-cytoplasmic sperm injection (ICSI) are the most common. Pregnancy outcomes of cancer survivors are generally good, although there is increased risk of pre-term birth and low birth-weight in the offspring of women who have received pelvic irradiation. There is no increased incidence of genetic disease or cancer incidence in the offspring of cancer survivors. Current research directions are focussing on alternative fertility preservation strategies including in vitro maturation techniques, xenotransplantation and the development of technology to create artificial gametes in the laboratory. Finally, although the reproductive techniques discussed are highly effective, country specific differences in the legal framework means that cancer survivors may be denied access to certain treatments (e.g. embryo cryopreservation) because they are forbidden by specific national legislation.","Recommendation 7: Research should continue into the development of methods to produce functional human gametes from cultured stem cells. The ability to generate large numbers of such stem cell–derived gametes would provide a further option for prospective parents to avoid the inheritance of disease through the effi­ cient production, testing, and selection of embryos without the disease- causing genotype. However, the use of such in vitro–derived gametes in reproductive medicine raises distinct medical, ethical, and societal issues that must be carefully evaluated, and such gametes without genome editing would need to be approved for use in assisted reproductive technology before they could be considered for clinical use of heritable human genome editing.",2007-11-01
Heritable Human Genome Editing,2023,hhs.gov,https://www.hhs.gov/sites/default/files/ohrp-international-compilation-2021-europe.pdf,International Compilation of Human Research Standards 2021 ...,,"Recommendation 7: Research should continue into the development of methods to produce functional human gametes from cultured stem cells. The ability to generate large numbers of such stem cell–derived gametes would provide a further option for prospective parents to avoid the inheritance of disease through the effi­ cient production, testing, and selection of embryos without the disease- causing genotype. However, the use of such in vitro–derived gametes in reproductive medicine raises distinct medical, ethical, and societal issues that must be carefully evaluated, and such gametes without genome editing would need to be approved for use in assisted reproductive technology before they could be considered for clinical use of heritable human genome editing.",NaT
Heritable Human Genome Editing,2023,hhs.gov,https://www.hhs.gov/sites/default/files/hipaa-privacy-rule-support-reproductive-health-care-privacy.pdf,HIPAA Privacy Rule to Support Reproductive Health Care Privacy,,"Recommendation 7: Research should continue into the development of methods to produce functional human gametes from cultured stem cells. The ability to generate large numbers of such stem cell–derived gametes would provide a further option for prospective parents to avoid the inheritance of disease through the effi­ cient production, testing, and selection of embryos without the disease- causing genotype. However, the use of such in vitro–derived gametes in reproductive medicine raises distinct medical, ethical, and societal issues that must be carefully evaluated, and such gametes without genome editing would need to be approved for use in assisted reproductive technology before they could be considered for clinical use of heritable human genome editing.",NaT
Heritable Human Genome Editing,2023,hhs.gov,https://www.hhs.gov/sites/default/files/ohrp-international-compilation-europe-2024.pdf,International Compilation of Human Research Standards Europe,,"Recommendation 7: Research should continue into the development of methods to produce functional human gametes from cultured stem cells. The ability to generate large numbers of such stem cell–derived gametes would provide a further option for prospective parents to avoid the inheritance of disease through the effi­ cient production, testing, and selection of embryos without the disease- causing genotype. However, the use of such in vitro–derived gametes in reproductive medicine raises distinct medical, ethical, and societal issues that must be carefully evaluated, and such gametes without genome editing would need to be approved for use in assisted reproductive technology before they could be considered for clinical use of heritable human genome editing.",NaT
Heritable Human Genome Editing,2023,hhs.gov,https://www.hhs.gov/sites/default/files/ohrp-international-compilation-human-research-standards-2024.pdf,"International Compilation of Human Research Standards, 2024 Edition",,"Recommendation 7: Research should continue into the development of methods to produce functional human gametes from cultured stem cells. The ability to generate large numbers of such stem cell–derived gametes would provide a further option for prospective parents to avoid the inheritance of disease through the effi­ cient production, testing, and selection of embryos without the disease- causing genotype. However, the use of such in vitro–derived gametes in reproductive medicine raises distinct medical, ethical, and societal issues that must be carefully evaluated, and such gametes without genome editing would need to be approved for use in assisted reproductive technology before they could be considered for clinical use of heritable human genome editing.",NaT
Heritable Human Genome Editing,2023,hhs.gov,https://www.hhs.gov/ohrp/sites/default/files/internationalcomp2017-part1.pdf,International Compilation of Human Research Standards 2017 Edition,,"Recommendation 7: Research should continue into the development of methods to produce functional human gametes from cultured stem cells. The ability to generate large numbers of such stem cell–derived gametes would provide a further option for prospective parents to avoid the inheritance of disease through the effi­ cient production, testing, and selection of embryos without the disease- causing genotype. However, the use of such in vitro–derived gametes in reproductive medicine raises distinct medical, ethical, and societal issues that must be carefully evaluated, and such gametes without genome editing would need to be approved for use in assisted reproductive technology before they could be considered for clinical use of heritable human genome editing.",NaT
Heritable Human Genome Editing,2023,hhs.gov,https://www.hhs.gov/sites/default/files/ohrp-international-compilation-intl-orgs-2024.pdf,"International Compilation of Human Research Standards, 2024 ...",,Recommendation 8: Any country in which the clinical use of heritable human genome editing (HHGE) is being considered should have mechanisms and competent regulatory bodies to ensure that all of the following conditions are met: [List of conditions for HHGE clinical use].,NaT
Heritable Human Genome Editing,2023,hhs.gov,https://www.hhs.gov/sites/default/files/ohrp-international-compilation-2021-asia.pdf,International Compilation of Human Research Standards 2021 ...,,Recommendation 8: Any country in which the clinical use of heritable human genome editing (HHGE) is being considered should have mechanisms and competent regulatory bodies to ensure that all of the following conditions are met: [List of conditions for HHGE clinical use].,NaT
Heritable Human Genome Editing,2023,hhs.gov,https://www.hhs.gov/sites/default/files/ohrp-international-compilation-human-research-standards-2024.pdf,"International Compilation of Human Research Standards, 2024 Edition",,Recommendation 8: Any country in which the clinical use of heritable human genome editing (HHGE) is being considered should have mechanisms and competent regulatory bodies to ensure that all of the following conditions are met: [List of conditions for HHGE clinical use].,NaT
Heritable Human Genome Editing,2023,hhs.gov,https://taggs.hhs.gov/Detail/CFDADetail?arg_CFDA_Num=93172,Assistance Listing | HHS TAGGS,"All Categories About Search Reports Data Submission Assistance Listing The TAGGS Assistance Listing Report provides detailed award information for a single Assistance Listing. The data provided is from FY 2008 or from the start date of data collection through the present. For information prior to FY 2008, please use the TAGGS Advanced Search. In the top display you will see the name of the Assistance Listing, agency, assistance type, and any popular name it might use, along with the 5-digit Assistance Listing Number. Assistance Listings consisting of Direct Payment Awards may not contain links to additional recipient and award information. Direct Payment data is often collected as aggregated payments to a state to protect the personal information of the assistance recipients. Along with the bar chart broken up by Issue Date or Funding Fiscal Year, there is also an exportable table below that groups by Issue Date or Funding Fiscal Year and shows the recipient name, state, award number, award title and amount from each award action. By using the radio buttons, you may view data by the Issue Date Fiscal Year of by Funding Fiscal Year. In most cases, the Issue Date and Funding Fiscal Years coincide, although in some cases, delays in issuing an award and award close outs will cause the Issue Date of an award to be outside the of the Funding Fiscal Year. Table data can be exported by choosing one of the export-format icons located at the top right of the table. Export file formats include: *Abstracts not included The twoFiscal Year (FY)viewing options are: To enter Keyboard Support and Web Page Reader Support for the report results grid view, you will need to pressCtrlShiftG Human Genome Research $5,079,367,811 Group Recipients By:Issue Date FYFunding FYView Objectives Objectives: NHGRI supports the development of methods, resources and technologies to improve the health of all humans through advances in genomics research.  NHGRI supports research that accelerates foundational resources, technology development, and experimental and computational approaches for basic genomics and functional genomics research; for the application of genomics to medical science and clinical care; to improve minority health, reduce health disparities, and foster health equity; and to support ethical, legal and social implications (ELSI) research concerning societal issues that need to be addressed as genomic science advances. NHGRI develops and supports initiatives that expand opportunities for genomics education and careers; cultivates genomics training programs and workforce development initiatives including individuals from diverse backgrounds, especially those from groups underrepresented in biomedical research. NHGRI participates in the NIH effort to turn discovery into health by helping small businesses develop innovative genomics technologies that improve health and save lives through the Small Business Innovation Research (SBIR) program and the Small Business Technology Transfer (STTR) program.  These funding opportunities increase small business participation in Federal research and development and foster scientific and technological innovation through cooperative research and development carried out between small business concerns and research institutions, support technology transfer between small business concerns and research institutions, increase private sector commercialization of innovations derived from Federal research and development, and encourage participation of socially and economically disadvantaged small business concerns and women-owned small business concerns in technological innovation. HHS’ Tracking Accountability in Government Grants System (TAGGS) website provides access to detailed descriptions
                                        of grants, loans, aggregated direct payments and other types of financial assistance awarded by the HHS Operating
                                        Divisions (OPDIVs) and the Office of the Secretary Staff Divisions (STAFFDIVs). Federal Websites Department of Health & Human Services HHS Operating Divisions HHS Staff Divisions Download A Document Viewer",Recommendation 8: Any country in which the clinical use of heritable human genome editing (HHGE) is being considered should have mechanisms and competent regulatory bodies to ensure that all of the following conditions are met: [List of conditions for HHGE clinical use].,NaT
Heritable Human Genome Editing,2023,hhs.gov,https://www.hhs.gov/sites/default/files/ohrp-international-compilation-asia-pacific-2024.pdf,International Compilation of Human Research Standards 2024 Edition,,Recommendation 8: Any country in which the clinical use of heritable human genome editing (HHGE) is being considered should have mechanisms and competent regulatory bodies to ensure that all of the following conditions are met: [List of conditions for HHGE clinical use].,NaT
Heritable Human Genome Editing,2023,who.int,https://www.who.int/news/item/12-07-2021-who-issues-new-recommendations-on-human-genome-editing-for-the-advancement-of-public-health,WHO issues new recommendations on human genome editing for ...,"WHO warns of slowing global health gains in new statistics report Expression of gratitude to members of WHO senior leadership team People in Gaza starving, sick and dying as aid blockade continues WHO issues new recommendations on human genome editing  for the advancement of public health12 July 2021News releaseReading time:2 min(608 words)العربية中文FrançaisРусскийEspañolTwo new companionreportsreleased today by the World Health Organization (WHO) provide the first global recommendations to help establish human genome editing as a tool
    for public health, with an emphasis on safety, effectiveness and ethics.The forward-looking new reports result from the first broad, global consultation looking at somatic, germline and heritable human genome editing. The consultation, which spanned over two years, involved hundreds of participants representing diverse perspectives
    from around the world, including scientists and researchers, patient groups, faith leaders and indigenous peoples.“Human genome editing has the potential to advance our ability to treat and cure disease, but the full impact will only be realized if we deploy it for the benefit of all people, instead of fueling more health inequity between and within countries,”
    said Dr Tedros Adhanom Ghebreyesus, WHO Director-General.Potential benefits of human genome editing include faster and more accurate diagnosis, more targeted treatments and prevention of genetic disorders. Somatic gene therapies, which involve modifying a patient’s DNA to treat or cure a disease, have
    been successfully used to address HIV, sickle-cell disease and transthyretin amyloidosis. The technique could also vastly improve treatment for a variety of cancers.However, some risks exist, for example, with germline and heritable human genome editing, which alter the genome of human embryos and could be passed on to subsequent generations, modifying descendants’ traits.The reports published today deliver recommendations on the governance and oversight of human genome editing in nine discrete areas, including human genome editing registries; international research and medical travel; illegal, unregistered, unethical
    or unsafe research; intellectual property; and education, engagement and empowerment. The recommendations focus on systems-level improvements needed to build capacity in all countries to ensure that human genome editing is used safely, effectively,
    and ethically.The reports also provide a new governance framework that identifies specific tools, institutions and scenarios to illustrate practical challenges in implementing, regulating and overseeing research into the human genome. The governance framework offers
    concrete recommendations for dealing with specific scenarios such as:A hypothetical clinical trial of somatic human genome editing for sickle cell disease proposed to take place in West AfricaProposed use of somatic or epigenetic genome editing to enhance athletic performanceAn imaginary clinic based in a country with minimal oversight of heritable human genome editing that offers these services to international clients following in vitro fertilization and preimplantation genetic diagnosis“These new reports from WHO’s Expert Advisory Committee represent a leap forward for this area of rapidly emerging science,” said WHO’s Chief Scientist, Dr Soumya Swaminathan. “As global research delves deeper into the human
    genome, we must minimize risks and leverage ways that science can drive better health for everyone, everywhere.”What’s nextWHO will:Convene a small expert committee to consider next steps for the Registry, including how to better monitor clinical trials using human genome editing technologies of concernConvene multisector stakeholders to develop an accessible mechanism for confidential reporting of concerns about possibly illegal, unregistered, unethical and unsafe human genome editing research and other activitiesAs part of a commitment to increase ‘education, engagement and empowerment’, lead regional webinars focusing on regional/local needs. Work within the Science Division to consider how to build an inclusive global dialogue on frontier
            technologies, including cross-UN working and the creation of web-based resources for reliable information on frontier technologies, including human genome editing.Meeting recordingReports launch – Human Genome Editing: A Framework for Governance and Recommendations, July 14, 2021.Moderator: Professor John Reeder, Director Research for Health , WHOPanellists: Members of the WHO Expert Advisory Committee on Developing Global Standards for Governance and Oversight of Human Genome Editing”Click hereMedia ContactsWHO Media TeamWorld Health OrganizationEmail:mediainquiries@who.intRelatedHuman genome editing: recommendationsHuman genome editing: a framework for governanceHuman genome editing: position paper WHO issues new recommendations on human genome editing  for the advancement of public health Two new companionreportsreleased today by the World Health Organization (WHO) provide the first global recommendations to help establish human genome editing as a tool
    for public health, with an emphasis on safety, effectiveness and ethics.The forward-looking new reports result from the first broad, global consultation looking at somatic, germline and heritable human genome editing. The consultation, which spanned over two years, involved hundreds of participants representing diverse perspectives
    from around the world, including scientists and researchers, patient groups, faith leaders and indigenous peoples.“Human genome editing has the potential to advance our ability to treat and cure disease, but the full impact will only be realized if we deploy it for the benefit of all people, instead of fueling more health inequity between and within countries,”
    said Dr Tedros Adhanom Ghebreyesus, WHO Director-General.Potential benefits of human genome editing include faster and more accurate diagnosis, more targeted treatments and prevention of genetic disorders. Somatic gene therapies, which involve modifying a patient’s DNA to treat or cure a disease, have
    been successfully used to address HIV, sickle-cell disease and transthyretin amyloidosis. The technique could also vastly improve treatment for a variety of cancers.However, some risks exist, for example, with germline and heritable human genome editing, which alter the genome of human embryos and could be passed on to subsequent generations, modifying descendants’ traits.The reports published today deliver recommendations on the governance and oversight of human genome editing in nine discrete areas, including human genome editing registries; international research and medical travel; illegal, unregistered, unethical
    or unsafe research; intellectual property; and education, engagement and empowerment. The recommendations focus on systems-level improvements needed to build capacity in all countries to ensure that human genome editing is used safely, effectively,
    and ethically.The reports also provide a new governance framework that identifies specific tools, institutions and scenarios to illustrate practical challenges in implementing, regulating and overseeing research into the human genome. The governance framework offers
    concrete recommendations for dealing with specific scenarios such as:A hypothetical clinical trial of somatic human genome editing for sickle cell disease proposed to take place in West AfricaProposed use of somatic or epigenetic genome editing to enhance athletic performanceAn imaginary clinic based in a country with minimal oversight of heritable human genome editing that offers these services to international clients following in vitro fertilization and preimplantation genetic diagnosis“These new reports from WHO’s Expert Advisory Committee represent a leap forward for this area of rapidly emerging science,” said WHO’s Chief Scientist, Dr Soumya Swaminathan. “As global research delves deeper into the human
    genome, we must minimize risks and leverage ways that science can drive better health for everyone, everywhere.”What’s nextWHO will:Convene a small expert committee to consider next steps for the Registry, including how to better monitor clinical trials using human genome editing technologies of concernConvene multisector stakeholders to develop an accessible mechanism for confidential reporting of concerns about possibly illegal, unregistered, unethical and unsafe human genome editing research and other activitiesAs part of a commitment to increase ‘education, engagement and empowerment’, lead regional webinars focusing on regional/local needs. Work within the Science Division to consider how to build an inclusive global dialogue on frontier
            technologies, including cross-UN working and the creation of web-based resources for reliable information on frontier technologies, including human genome editing.Meeting recordingReports launch – Human Genome Editing: A Framework for Governance and Recommendations, July 14, 2021.Moderator: Professor John Reeder, Director Research for Health , WHOPanellists: Members of the WHO Expert Advisory Committee on Developing Global Standards for Governance and Oversight of Human Genome Editing”Click here Two new companionreportsreleased today by the World Health Organization (WHO) provide the first global recommendations to help establish human genome editing as a tool
    for public health, with an emphasis on safety, effectiveness and ethics. The forward-looking new reports result from the first broad, global consultation looking at somatic, germline and heritable human genome editing. The consultation, which spanned over two years, involved hundreds of participants representing diverse perspectives
    from around the world, including scientists and researchers, patient groups, faith leaders and indigenous peoples. “Human genome editing has the potential to advance our ability to treat and cure disease, but the full impact will only be realized if we deploy it for the benefit of all people, instead of fueling more health inequity between and within countries,”
    said Dr Tedros Adhanom Ghebreyesus, WHO Director-General. Potential benefits of human genome editing include faster and more accurate diagnosis, more targeted treatments and prevention of genetic disorders. Somatic gene therapies, which involve modifying a patient’s DNA to treat or cure a disease, have
    been successfully used to address HIV, sickle-cell disease and transthyretin amyloidosis. The technique could also vastly improve treatment for a variety of cancers. However, some risks exist, for example, with germline and heritable human genome editing, which alter the genome of human embryos and could be passed on to subsequent generations, modifying descendants’ traits. The reports published today deliver recommendations on the governance and oversight of human genome editing in nine discrete areas, including human genome editing registries; international research and medical travel; illegal, unregistered, unethical
    or unsafe research; intellectual property; and education, engagement and empowerment. The recommendations focus on systems-level improvements needed to build capacity in all countries to ensure that human genome editing is used safely, effectively,
    and ethically. The reports also provide a new governance framework that identifies specific tools, institutions and scenarios to illustrate practical challenges in implementing, regulating and overseeing research into the human genome. The governance framework offers
    concrete recommendations for dealing with specific scenarios such as: “These new reports from WHO’s Expert Advisory Committee represent a leap forward for this area of rapidly emerging science,” said WHO’s Chief Scientist, Dr Soumya Swaminathan. “As global research delves deeper into the human
    genome, we must minimize risks and leverage ways that science can drive better health for everyone, everywhere.” What’s next WHO will: Meeting recording Reports launch – Human Genome Editing: A Framework for Governance and Recommendations, July 14, 2021. Moderator: Professor John Reeder, Director Research for Health , WHO Panellists: Members of the WHO Expert Advisory Committee on Developing Global Standards for Governance and Oversight of Human Genome Editing” Click here Media Contacts WHO Media Team World Health Organization Related Human genome editing: recommendations Human genome editing: a framework for governance Human genome editing: position paper",Recommendation 8: Any country in which the clinical use of heritable human genome editing (HHGE) is being considered should have mechanisms and competent regulatory bodies to ensure that all of the following conditions are met: [List of conditions for HHGE clinical use].,2021-07-12
Heritable Human Genome Editing,2023,who.int,https://www.who.int/news/item/08-11-2019-human-genome-editing-as-we-explore-options-for-global-governance-caution-must-be-our-watchword,Human Genome Editing: As we explore options for global ...,"WHO warns of slowing global health gains in new statistics report Expression of gratitude to members of WHO senior leadership team People in Gaza starving, sick and dying as aid blockade continues Human Genome Editing: As we explore options for global governance, caution must be our watchwordComment by the WHO Expert Advisory Committee8 November 2019Departmental updateReading time:4 min(970 words)In the wake of the dramatic announcement in November 2018 of the birth of the world’s first genome
edited babies, the World Health Organization (WHO) convened an Expert Advisory Committee on
Human Genome Editing. The Committee was formally established in February 2019 and given a clear
mandate to examine the scientific, ethical, social and legal challenges associated with human genome
editing in both somatic cells and cells of the germline, including early embryos. More specifically, the
Committee was tasked by the Director General Dr. Tedros Adhanom Ghebreyesus to advise and make
recommendations on appropriate governance mechanisms.The Committee is comprised of eighteen members coming from all parts of the world, representing a
broad range of disciplines, expertise, and experience. Since our first meeting in March 2019 we have
embarked on an ambitious program of work. This has resulted in a number of concrete initiatives
including the creation of a registry to provide a transparent and structured mechanism for collecting and
curating details of planned and ongoing developments in both germline and somatic genome editing
research, including clinical trials. This registry, which is now being piloted on a WHO platform, will allow
everyone to know what genome editing research is being undertaken and where.In the midst of the Committee’s ongoing work, Dr. Denis Rebrikov, a Russian molecular biologist,
announced plans to pursue heritable human genome editing. Initially, the plan was to genetically modify
the CCR5 gene to provide resistance to HIV. This plan was later modified as the focus shifted to the
genetic modification of the GJB2 gene to prevent a type of hereditary deafness. In response to these
concerning news reports, in August 2019, the WHO Director General issued a statement calling on all
nations to support the work of the WHO and to desist from permitting research on heritable human
genome editing within their borders:Human germline genome editing poses unique and unprecedented ethical and technical
challenges. I have accepted the interim recommendations of WHO’s Expert Advisory Committee
that regulatory authorities in all countries should not allow any further work in this area until its
implications have been properly considered.A few months later, in October 2019, consistent with the position of the WHO and its Expert Advisory
Committee, the Ministry of Health of the Russian Federation announced that “any clinical use of editing
technologies of the genome of human embryos and germ cells is premature”. The Ministry also
endorsed the WHO perspective that it would be irresponsible and unacceptable to use genome edited
embryos to initiate human pregnancies. Finally, and most importantly, the Ministry of Health’s press
release explicitly stated that the WHO position, “supported by the Russian Federation, should be
decisive in the formation of country policies in this area.”This strong statement by the Ministry of Health of the Russian Federation is a reassuring example of
how seriously some countries are taking the rapid developments in the science of genome editing,
especially human germline editing, and its ethical ramifications. Consider, for example, the recent
publication on prime editing which involves making changes to a single base pair into any other, altering
several base pairs at once, or inducing small precise deletions or insertions. This is an exciting
technology that may enhance our ability to make precise alterations in DNA sequences in living cells.The Russian statement in support of the WHO’s ongoing work sets an important example for regulatory
authorities committed to assisting with the development of a global framework for the coordination of
regulation, legislation and policies governing frontier science. We are not advocating for a single
mechanism but a governance framework that can:(i) Identify relevant issues, a range of specific mechanisms to address them, and be developed in
collaboration with the widest possible range of institutions, organizations and peoples.(ii) Be scalable, sustainable and appropriate for use at the international, regional, national and local
levels.(iii) Work in parts of the world where there is traditionally weaker regulation of scientific and clinical
research and practice, and where genome editing may not yet be pursued or invested in with
great intensity.(iv) Provide those with specific governance roles for human genome editing with the tools and
guidance they need.Plans to date are for a governance framework grounded in the following guiding principles:Transparency– to be understood as a commitment to share information on what is happening,
how and why it is necessary, including the Committee’s own processes and outcomes;Inclusivity– to be understood as a commitment to draw on the full contributions of all parts of
global society, thereby providing diverse points of view, skill sets and additional methods of
program management and measurement;Responsible stewardship of science– to be understood as a commitment to follow good
practice in scientific and clinical conduct, attempting to maximize potential benefits and
minimize potential harm;Fairness– to be understood as a commitment to fair dealings in relation to all persons and
groups, and equal access to opportunities and potential benefits; andSocial justice– to be understood in relation to a commitment to celebrate and promote
diversity by rejecting patterns of discrimination based on personal or group characteristics
including gender, race, ethnicity, sexuality, age, and disability.Consistent with these principles is a commitment to better understand what effective public and
community engagement should look like when developing governance mechanisms for human genome
editing. The Expert Advisory Committee is exploring how we can expand the views and perspectives that
feed into our work and are organizing consultations on these issues.Collectively, we have a responsibility to make the best use of emerging technologies to improve the
health and well-being of all people everywhere. This can be achieved only through collaborative effort
on a global scale; no lone scientist or lone country should seek to impose their standards on the global
community.RelatedGlobal health ethicsNewsWHO launches global registry on human genome editing29 August 2019 Human Genome Editing: As we explore options for global governance, caution must be our watchword Comment by the WHO Expert Advisory Committee In the wake of the dramatic announcement in November 2018 of the birth of the world’s first genome
edited babies, the World Health Organization (WHO) convened an Expert Advisory Committee on
Human Genome Editing. The Committee was formally established in February 2019 and given a clear
mandate to examine the scientific, ethical, social and legal challenges associated with human genome
editing in both somatic cells and cells of the germline, including early embryos. More specifically, the
Committee was tasked by the Director General Dr. Tedros Adhanom Ghebreyesus to advise and make
recommendations on appropriate governance mechanisms.The Committee is comprised of eighteen members coming from all parts of the world, representing a
broad range of disciplines, expertise, and experience. Since our first meeting in March 2019 we have
embarked on an ambitious program of work. This has resulted in a number of concrete initiatives
including the creation of a registry to provide a transparent and structured mechanism for collecting and
curating details of planned and ongoing developments in both germline and somatic genome editing
research, including clinical trials. This registry, which is now being piloted on a WHO platform, will allow
everyone to know what genome editing research is being undertaken and where.In the midst of the Committee’s ongoing work, Dr. Denis Rebrikov, a Russian molecular biologist,
announced plans to pursue heritable human genome editing. Initially, the plan was to genetically modify
the CCR5 gene to provide resistance to HIV. This plan was later modified as the focus shifted to the
genetic modification of the GJB2 gene to prevent a type of hereditary deafness. In response to these
concerning news reports, in August 2019, the WHO Director General issued a statement calling on all
nations to support the work of the WHO and to desist from permitting research on heritable human
genome editing within their borders:Human germline genome editing poses unique and unprecedented ethical and technical
challenges. I have accepted the interim recommendations of WHO’s Expert Advisory Committee
that regulatory authorities in all countries should not allow any further work in this area until its
implications have been properly considered.A few months later, in October 2019, consistent with the position of the WHO and its Expert Advisory
Committee, the Ministry of Health of the Russian Federation announced that “any clinical use of editing
technologies of the genome of human embryos and germ cells is premature”. The Ministry also
endorsed the WHO perspective that it would be irresponsible and unacceptable to use genome edited
embryos to initiate human pregnancies. Finally, and most importantly, the Ministry of Health’s press
release explicitly stated that the WHO position, “supported by the Russian Federation, should be
decisive in the formation of country policies in this area.”This strong statement by the Ministry of Health of the Russian Federation is a reassuring example of
how seriously some countries are taking the rapid developments in the science of genome editing,
especially human germline editing, and its ethical ramifications. Consider, for example, the recent
publication on prime editing which involves making changes to a single base pair into any other, altering
several base pairs at once, or inducing small precise deletions or insertions. This is an exciting
technology that may enhance our ability to make precise alterations in DNA sequences in living cells.The Russian statement in support of the WHO’s ongoing work sets an important example for regulatory
authorities committed to assisting with the development of a global framework for the coordination of
regulation, legislation and policies governing frontier science. We are not advocating for a single
mechanism but a governance framework that can:(i) Identify relevant issues, a range of specific mechanisms to address them, and be developed in
collaboration with the widest possible range of institutions, organizations and peoples.(ii) Be scalable, sustainable and appropriate for use at the international, regional, national and local
levels.(iii) Work in parts of the world where there is traditionally weaker regulation of scientific and clinical
research and practice, and where genome editing may not yet be pursued or invested in with
great intensity.(iv) Provide those with specific governance roles for human genome editing with the tools and
guidance they need.Plans to date are for a governance framework grounded in the following guiding principles:Transparency– to be understood as a commitment to share information on what is happening,
how and why it is necessary, including the Committee’s own processes and outcomes;Inclusivity– to be understood as a commitment to draw on the full contributions of all parts of
global society, thereby providing diverse points of view, skill sets and additional methods of
program management and measurement;Responsible stewardship of science– to be understood as a commitment to follow good
practice in scientific and clinical conduct, attempting to maximize potential benefits and
minimize potential harm;Fairness– to be understood as a commitment to fair dealings in relation to all persons and
groups, and equal access to opportunities and potential benefits; andSocial justice– to be understood in relation to a commitment to celebrate and promote
diversity by rejecting patterns of discrimination based on personal or group characteristics
including gender, race, ethnicity, sexuality, age, and disability.Consistent with these principles is a commitment to better understand what effective public and
community engagement should look like when developing governance mechanisms for human genome
editing. The Expert Advisory Committee is exploring how we can expand the views and perspectives that
feed into our work and are organizing consultations on these issues.Collectively, we have a responsibility to make the best use of emerging technologies to improve the
health and well-being of all people everywhere. This can be achieved only through collaborative effort
on a global scale; no lone scientist or lone country should seek to impose their standards on the global
community. In the wake of the dramatic announcement in November 2018 of the birth of the world’s first genome
edited babies, the World Health Organization (WHO) convened an Expert Advisory Committee on
Human Genome Editing. The Committee was formally established in February 2019 and given a clear
mandate to examine the scientific, ethical, social and legal challenges associated with human genome
editing in both somatic cells and cells of the germline, including early embryos. More specifically, the
Committee was tasked by the Director General Dr. Tedros Adhanom Ghebreyesus to advise and make
recommendations on appropriate governance mechanisms. The Committee is comprised of eighteen members coming from all parts of the world, representing a
broad range of disciplines, expertise, and experience. Since our first meeting in March 2019 we have
embarked on an ambitious program of work. This has resulted in a number of concrete initiatives
including the creation of a registry to provide a transparent and structured mechanism for collecting and
curating details of planned and ongoing developments in both germline and somatic genome editing
research, including clinical trials. This registry, which is now being piloted on a WHO platform, will allow
everyone to know what genome editing research is being undertaken and where. In the midst of the Committee’s ongoing work, Dr. Denis Rebrikov, a Russian molecular biologist,
announced plans to pursue heritable human genome editing. Initially, the plan was to genetically modify
the CCR5 gene to provide resistance to HIV. This plan was later modified as the focus shifted to the
genetic modification of the GJB2 gene to prevent a type of hereditary deafness. In response to these
concerning news reports, in August 2019, the WHO Director General issued a statement calling on all
nations to support the work of the WHO and to desist from permitting research on heritable human
genome editing within their borders: Human germline genome editing poses unique and unprecedented ethical and technical
challenges. I have accepted the interim recommendations of WHO’s Expert Advisory Committee
that regulatory authorities in all countries should not allow any further work in this area until its
implications have been properly considered. A few months later, in October 2019, consistent with the position of the WHO and its Expert Advisory
Committee, the Ministry of Health of the Russian Federation announced that “any clinical use of editing
technologies of the genome of human embryos and germ cells is premature”. The Ministry also
endorsed the WHO perspective that it would be irresponsible and unacceptable to use genome edited
embryos to initiate human pregnancies. Finally, and most importantly, the Ministry of Health’s press
release explicitly stated that the WHO position, “supported by the Russian Federation, should be
decisive in the formation of country policies in this area.” This strong statement by the Ministry of Health of the Russian Federation is a reassuring example of
how seriously some countries are taking the rapid developments in the science of genome editing,
especially human germline editing, and its ethical ramifications. Consider, for example, the recent
publication on prime editing which involves making changes to a single base pair into any other, altering
several base pairs at once, or inducing small precise deletions or insertions. This is an exciting
technology that may enhance our ability to make precise alterations in DNA sequences in living cells. The Russian statement in support of the WHO’s ongoing work sets an important example for regulatory
authorities committed to assisting with the development of a global framework for the coordination of
regulation, legislation and policies governing frontier science. We are not advocating for a single
mechanism but a governance framework that can: (i) Identify relevant issues, a range of specific mechanisms to address them, and be developed in
collaboration with the widest possible range of institutions, organizations and peoples. (ii) Be scalable, sustainable and appropriate for use at the international, regional, national and local
levels. (iii) Work in parts of the world where there is traditionally weaker regulation of scientific and clinical
research and practice, and where genome editing may not yet be pursued or invested in with
great intensity. (iv) Provide those with specific governance roles for human genome editing with the tools and
guidance they need. Plans to date are for a governance framework grounded in the following guiding principles: Consistent with these principles is a commitment to better understand what effective public and
community engagement should look like when developing governance mechanisms for human genome
editing. The Expert Advisory Committee is exploring how we can expand the views and perspectives that
feed into our work and are organizing consultations on these issues. Collectively, we have a responsibility to make the best use of emerging technologies to improve the
health and well-being of all people everywhere. This can be achieved only through collaborative effort
on a global scale; no lone scientist or lone country should seek to impose their standards on the global
community. Related Global health ethics News",Recommendation 8: Any country in which the clinical use of heritable human genome editing (HHGE) is being considered should have mechanisms and competent regulatory bodies to ensure that all of the following conditions are met: [List of conditions for HHGE clinical use].,2019-11-08
Heritable Human Genome Editing,2023,who.int,https://iris.who.int/bitstream/handle/10665/342486/9789240030381-eng.pdf,Human Genome Editing: recommendations,"HUMAN GENOME EDITING:  
RECOMMENDATIONSWHO Expert Advisory Committee on 
Developing Global Standards for Governance 
and Oversight of Human Genome EditingHUMAN GENOME EDITING:  
RECOMMENDATIONSWHO Expert Advisory Committee on Developing 
Global Standards for Governance and Oversight 
of Human Genome EditingWHO Expert Advisory Committee on Developing Global Standards for Governance and Oversight of Human Genome Editing. Human 
Genome Editing: recommendations
ISBN 978-92-4-003038-1 (electronic version) 
ISBN 978-92-4-003039-8 (print version)
This publication was originally published with a different cover image.
© World Health Organization 2021
Some rights reserved. This work is available under the Creative Commons Attribution-NonCommercial-ShareAlike 3.0 IGO licence (CC BY-
NC-SA 3.0 IGO ; https://creativecommons.org/licenses/by-nc-sa/3.0/igo). 
Under the terms of this licence, you may copy, redistribute and adapt the work for non-commercial purposes, provided the work is 
appropriately cited, as indicated below. In any use of this work, there should be no suggestion that WHO endorses any specific organization, 
products or services. The use of the WHO logo is not permitted. If you adapt the work, then you must license your work under the same 
or equivalent Creative Commons licence. If you create a translation of this work, you should add the following disclaimer along with the 
suggested citation: “ This translation was not created by the World Health Organization (WHO). WHO is not responsible for the content or 
accuracy of this translation. The original English edition shall be the binding and authentic edition”. 
Any mediation relating to disputes arising under the licence shall be conducted in accordance with the mediation rules of the World 
Intellectual Property Organization ( http://www.wipo.int/amc/en/mediation/rules/ ).
Suggested citation.  WHO Expert Advisory Committee on Developing Global Standards for Governance and Oversight of Human Genome 
Editing. Human Genome Editing: recommendations . Geneva: World Health Organization; 2021. Licence: CC BY-NC-SA 3.0 IGO .
Cataloguing-in-Publication (CIP) data. CIP data are available at http://apps.who.int/iris .
Sales, rights and licensing. To purchase WHO publications, see http://apps.who.int/bookorders . To submit requests for commercial use 
and queries on rights and licensing, see http://www.who.int/about/licensing . 
Third-party materials.  If you wish to reuse material from this work that is attributed to a third party, such as tables, figures or images, it is 
your responsibility to determine whether permission is needed for that reuse and to obtain permission from the copyright holder. The risk 
of claims resulting from infringement of any third-party-owned component in the work rests solely with the user.
General d isclaimers.  The designations employed and the presentation of the material in this publication do not imply the expression 
of any opinion whatsoever on the part of WHO concerning the legal status of any country, territory, city or area or of its authorities, or 
concerning the delimitation of its frontiers or boundaries. Dotted and dashed lines on maps represent approximate border lines for which 
there may not yet be full agreement.
 
The mention of specific companies or of certain manufacturers’ products does not imply that they are endorsed or recommended by WHO 
in preference to others of a similar nature that are not mentioned. Errors and omissions excepted, the names of proprietary products are 
distinguished by initial capital letters.
All reasonable precautions have been taken by WHO to verify the information contained in this publication. However, the published 
material is being distributed without warranty of any kind, either expressed or implied. The responsibility for the interpretation and use of 
the material lies with the reader. In no event shall WHO be liable for damages arising from its use. 
This publication contains the collective views of the WHO Expert Advisory Committee on Developing Global Standards for Governance and 
Oversight of Human Genome Editing and does not necessarily represent the decisions or the policies of WHO
Cover art provided by Joe Brock, the Francis Crick Institute
Graphic design and layout by Trans.Lieu Company Ltd<<<<<iii
HUMAN GENOME EDITING: RECOMMENDATIONSForeword  ...........................................................................................................  iv
Acknowledgements  ............................................................................................  vi
Executive summary ............................................................................................  viii
Part 1. Background .........................................................................................  1
Part 2. Recommendations ..............................................................................  3
 2.1  Leadership by WHO and its Director-General ...................................................................  3
   Recommendation  ...................................................................................................................  5
 2.2  International collaboration for effective governance and oversight  ..........................  5
   Recommendations  .................................................................................................................  7
 2.3  Human genome editing registries .......................................................................................  8
   Recommendations  .................................................................................................................  9
 2.4  International research and medical travel  .......................................................................  10
   Recommendations  .................................................................................................................  12
 2.5  Illegal, unregistered, unethical or unsafe research and other activities  ....................  12
   Recommendation  ...................................................................................................................  14
 2.6  Intellectual property  ..............................................................................................................  14
   Recommendations  .................................................................................................................  15
 2.7  Education, engagement and empowerment ....................................................................  16
   Recommendations  .................................................................................................................  18
 2.8  Ethical values and principles for use by WHO ...................................................................  19
   Recommendation  ...................................................................................................................  20
 2.9  Review of the recommendations .........................................................................................  20
   Recommendation  ...................................................................................................................  20
Annex Meetings, consultations and webinars: participants ............................  21Contents>>>iv
HUMAN GENOME EDITING: RECOMMENDATIONSForeword
Technological advances hold great opportunities and challenges for global health and society. In order 
to harness the power of science and innovation, WHO’s Science Division was created in 2019 to support 
Member States in achieving the health-related Sustainable Development Goals (SDGs) and emergency 
preparedness and response. The Division provides global leadership in translating the latest in science, 
evidence, innovation, and digital solutions to improve health and health equity for all. This contributes to 
the WHO’s 13th Programme of Work (2019-2023) which stipulates that “…WHO’s normative guidance will be 
informed by developments at the frontier of new scientific disciplines such as genomics, epigenetics, gene 
editing, artificial intelligence, and big data, all of which pose transformational opportunities but also risks 
to global health.”
Human genome editing has great potential to improve human health and medicine. Human genome 
editing technologies can be used on somatic cells (non-heritable); germline cells (not for reproduction) 
and germline cells (for reproduction). Potential benefits of human genome editing include new strategies 
for diagnosis, treatment and prevention of genetic disorders; new avenues to treat infertility; new ways to 
promote disease resistance; contribution to vaccine development and enhanced knowledge of human 
biology. For example, application of somatic human genome editing has already been undertaken, including 
in vivo editing, to address HIV, sickle-cell disease and transthyretin amyloidosis1. Germline human genome 
editing contributes to deepen our understanding of the role of specific genes and processes in early human 
development, physiology and diseases. However, there are important areas of ongoing uncertainty as to 
potential benefits and risks, and gaps in scientific understanding in such key domains as off-target effects 
and long-term risks.
At the same time, however, somatic, germline and heritable human genome editing raise important and 
outstanding ethical and social issues. Challenges associated with somatic human genome editing include, 
for example, rogue clinics, medical travel, as well as the reporting of illegal, unregistered, unethical or 
unsafe research and other activities including the offer of unproven so-called therapeutic interventions. 
Heritable human genome editing also gives rise to great concerns as the edit might be passed to 
subsequent generations. Additional issues include enhancement to improve certain traits, the lack of 
diversity in collections of human samples and associated data, the need for equity of access to and benefit 
from human genome editing. There are important differences in the scale of the current challenges posed 
by somatic, germline and heritable human genome editing.
1 Gillmore JD et al. CRISPR-Cas9 In Vivo Gene Editing for Transthyretin Amyloidosis. NEJM.org. 26 June 2021. DOI: 10.1056/
NEJMoa2107454.<<<<<v
HUMAN GENOME EDITING: RECOMMENDATIONSIn December 2018, WHO established an Expert Advisory Committee on Developing Global Standards for 
Governance and Oversight of Human Genome Editing. This global multi-disciplinary panel of 18 experts 
has provided advice and recommendations on appropriate institutional, national, regional and global 
governance mechanisms for human genome editing, and produced the Governance Framework and 
Recommendations on Human Genome Editing over a two-year period under the lead of the Health Ethics 
& Governance Unit in the Science Division.
This work is deliberately future focused. It is situated within wider emerging technologies and makes 
headway in focusing on addressing systemic issues that will affect the uptake of emerging technologies 
into public health. The outputs from the Committee are intended to set a footprint for how to harness the 
power of science and innovation and are already informing the work of WHO in the area of responsible use 
of the life sciences. 
The governance framework intends to provide those responsible for the oversight of genome editing with 
the tools and guidance they need, putting forward values and principles to inform both how and what 
decisions are made. The governance framework aims at being scalable, sustainable and appropriate for 
use at the institutional, national, regional and international levels. Moreover, the Committee produced a 
series of nine key recommendations on the governance of human genome editing which consider some 
broader issues associated with the governance of human genome editing. A position paper provides a 
summary of these two publications.
Finally, I would like to acknowledge and thank all those experts, stakeholders and individuals who have 
provided inputs throughout the work of the Committee and who contributed to the development of these 
reports. I hope that these reports will contribute to the safe, effective and ethical uses of human genome 
editing so all populations can truly benefit from the great potential of these technologies. 
Dr Soumya Swaminathan
Chief Scientist
>>>vi
HUMAN GENOME EDITING: RECOMMENDATIONSAcknowledgements
The governance framework and the recommendations on human genome editing form a pair of reports 
that have been developed by the WHO Expert Advisory Committee on Developing Global Standards for 
Governance and Oversight of Human Genome Editing.
These publications have been developed under the direction and coordination of Ms Katherine Littler (Co-
lead, Health Ethics & Governance Unit), under the overall guidance of John Reeder (Director, Research for 
Health) and Soumya Swaminathan (Chief Scientist).
Dr Piers Millett (consultant, United Kingdom of Great Britain and Northern Ireland) provided support to 
the project and was the lead writer of the publications as well as the meeting reports of the Committee. 
Dr Emmanuelle Tuerlings (consultant, Switzerland) also provided support and contributed to the writing 
of the documents.
WHO wishes to thank the following individuals and organizations for their contributions to the development 
of these publications.
WHO Expert Advisory Committee on Developing Global Standards for Governance and 
Oversight of Human Genome Editing
WHO is most grateful to the Co-Chairs, Dr Margaret Hamburg, former Commissioner of the U.S. Food and 
Drug Administration and former Foreign Secretary, National Academy of Medicine, United States of America 
and Justice Edwin Cameron, Inspecting Judge of Correctional Services, South Africa, and the members of 
the Committee for their invaluable guidance, expertise and great support throughout the project and the 
conceptualization and development of the three publications (by alphabetical order): 
Dr Mohammed Alquwaizani, Saudi Food and Drug Authority, Kingdom of Saudi Arabia (member until  
2 June 2020)
Professor Ewa Bartnik, Universtiy of Warsaw, Poland
Professor Françoise Baylis, Dalhousie University, Canada
Professor Alena Buyx, the Technical University of Munich, Germany
Professor Alta Charo, University of Wisconsin, United States of America
Dr Hervé Chneiweiss, CNRS, INSERM, France
Associate Professor Jantina De Vries, University of Cape Town, South Africa
Dr Cynthia Holland, the Australian and New Zealand Infertility Counsellors Association, Australia
Professor Maneesha S. Inamdar, Jawaharlal Nehru Centre for Advanced Scientific Research, India
Professor Kazuto Kato, Osaka University, Japan
Professor Robin Lovell-Badge, The Francis Crick Institute, United Kingdom<<<<<vii
HUMAN GENOME EDITING: RECOMMENDATIONSDr Jamie Metzl, Atlantic Council & OneShared.World, United States of America
Dr Ana Victoria Sánchez-Urrutia, SENACYT, Panama
Professor Jacques Simpore, Université Ouaga I, Burkina Faso
Professor Anne Wangari Thairu-Muigai, Jomo Kenyatta University of Agriculture and Technology, Kenya
Professor Xiaomei Zhai, Chinese Academy of Medical Sciences & Peking Union Medical College, China
All authors and members of the WHO Expert Advisory Committee on Developing Global Standards for 
Governance and Oversight of Human Genome Editing declared their interests according to WHO standard 
procedures. None of the interests declared were found to be significant.
To the experts and organizations who participated in the in-person meetings, the online meetings and 
webinars and provided valuable inputs through sharing their experiences and insights on human genome 
editing. The Annex of this document lists the participants in meetings, consultations and webinars. 
The many individuals and organizations who participated in the first and second online consultations 
on the governance framework on human genome editing. Their valuable inputs and comments have 
contributed to the development of the governance framework.
The technical contributions of colleagues at WHO headquarters: Dr Avni Amin, Dr Samvel Azatyan, 
Efstratios (Stratos) Chatzixiros, Dr Erika Dueñas Loayza, Mr Ghassan Karam, Dr Ivana Knezevic, Dr Olufemi 
Taiwo Oladapo, Dr Yuyun Maryuningsih, Dr Soumya Swaminathan, Dr Jacqui Stevenson, Professor John 
Reeder, Dr Andreas Reis, Dr Anna Laura Ross and Dr Si Hyung Yoo. 
The authors of the two reports commissioned by the WHO Expert Advisory Committee on Developing 
Global Standards for Governance and Oversight of Human Genome Editing: Ms Nicola Perrin (independent 
consultant), Dr Güneş Taylor and Dr Christophe Galichet (The Francis Crick Institute), United Kingdom.
Colleagues at WHO headquarters Ms Elena Egorova, Ms Gloria Haselmann, Anne-line Nippierd Imbsen and 
Ms Sophie Spillard for their administrative support throughout the project. Special appreciation is also 
expressed to the external teams who provided administration support for the meetings that have been 
held in Singapore (14 November 2019) and in Cape Town, South Africa (24-26 February 2020).
WHO gratefully acknowledges the financial support provided by Wellcome Trust for this project and for the 
development of these publications.
 >>>viii
HUMAN GENOME EDITING: RECOMMENDATIONSExecutive summary
The recent application of tools, such as CRISPR-Cas9 (clustered regularly interspaced short palindromic 
repeats; Cas9 nuclease), to edit the human genome with the intention of treating or preventing disease 
and the gaps in our scientific understanding, in addition to some of the proposed applications of human 
genome editing, raise ethical issues that have highlighted the need for robust oversight in this area. The 
COVID-19 pandemic has clearly demonstrated the importance of using new tools and methods to combat 
serious diseases and highlighted the potential benefits of human genome editing research. It also reminds 
us of the need to develop technology carefully, with robust testing and quality assurance measures in 
place to maximize benefit and minimize harm. The balance between benefit and harm, safety and speed, 
and innovation and access is relevant to all of human genome editing.
In December 2018, the World Health Organization (WHO) established a global, multidisciplinary expert 
advisory committee (the Expert Advisory Committee on Developing Global Standards for Governance and 
Oversight of Human Genome Editing, hereafter called the Committee) to examine the scientific, ethical, 
social and legal challenges associated with human genome editing (somatic, germline and heritable). 
The Committee was tasked to advise and make recommendations on appropriate institutional, national, 
regional and global governance mechanisms for human genome editing. Its remit did not include a review 
of matters to do with safety and efficacy. Committee members were drawn from each of the WHO regions 
– Africa, the Americas, South-East Asia, Europe, Eastern Mediterranean and Western Pacific. 
The 18 members of the Committee worked for two years and developed several products and initiatives. 
The governance framework on human genome editing, along with the recommendations of the Committee, 
form a set of two publications that provide advice and recommendations on appropriate institutional, 
national, regional and global governance mechanisms for human genome editing. A position paper on 
human genome editing provides a summary of these two publications. 
During its work, the Committee reviewed the current literature on human genome editing research and its 
applications, considered existing proposals for governance and relevant ongoing initiatives, and gathered 
information on a range of topics relating to the different uses of this technology. The Committee consulted 
widely with individuals and representatives of organizations including, but not limited to, United Nations 
(UN) and other international agencies; academies of science and medicine as well as other national or 
professional bodies; patient groups and civil society organizations. 
To ensure a participatory process in the course of its work, the Committee consulted widely and solicited 
information about societal attitudes towards a number of areas of research and clinical use of human 
genome editing technology. The Committee consulted with international organizations, regional 
organizations, national health ministries, national regulatory authorities, national research institutes, 
national boards of technology, patient groups and patient advocates, civil society organizations, indigenous 
groups, campaign groups, industry associations, private companies, national academies, bioethics",Recommendation 8: Any country in which the clinical use of heritable human genome editing (HHGE) is being considered should have mechanisms and competent regulatory bodies to ensure that all of the following conditions are met: [List of conditions for HHGE clinical use].,NaT
Heritable Human Genome Editing,2023,who.int,https://www.who.int/health-topics/human-genome-editing,Human genome editing,"WHO warns of slowing global health gains in new statistics report Expression of gratitude to members of WHO senior leadership team People in Gaza starving, sick and dying as aid blockade continues Human genome editingOverviewImpactWHO ResponseMoreOverviewGenome editing is a method for making specific changes to the DNA of a cell or organism. It can be used to add, remove or alter DNA in the genome. Human genome editing technologies can be used on somatic cells (non-heritable), germline cells (not for reproduction) and germline cells (for reproduction).Application of somatic human genome editing has already been undertaken, including in vivo editing, to address HIV and sickle-cell disease, for example. Although somatic human genome editing is well established and acceptable for treatments in some scientifically advanced countries with regulations in place, challenges remain. These include the need to develop inclusive genome editing innovations that take note of the diversity of the human population and human experience. Other challenges are associated with rogue clinics, medical travel, as well as the reporting of illegal, unregistered, unethical or unsafe research and other activities including the offer of unproven so-called therapeutic interventions.Heritable human genome editing refers to editing of nuclear DNA in a way that may be heritable across generations. Heritable human genome editing is the subject of intense debate over its possible consequences for offspring and for society in general. They may pose greater safety and ethical issues than somatic human genome editing.ImpactThe recent application of tools, such as CRISPR-Cas9, to edit the human genome with the intention to treating or preventing disease and the gaps in our scientific understanding raise ethical issues that have highlighted the need for robust oversight in this area. Current, potential and speculative human genome editing research will go beyond national borders, as will possible societal effects. This applies equally to somatic, germline and heritable human genome editing, although the latter is generally considered to be of greater ethical concern. Therefore, governance for this technology is needed at national and transnational levels. Some of the necessary governance structures and processes already exist. These may need to be reinforced or amended; where such structures and processes are lacking, gaps need to be filled.Application of heritable human genome editing is likely to be a much more limited activity in the coming years. To help ensure heritable human genome editing does not proceed prematurely to clinical trials, the WHO Expert Advisory Committee recommended, and the WHO Director-General subsequently made, a policy statement in July 2019 clarifying that “it would be irresponsible at this time for anyone to proceed with clinical applications of human germline genome editing.”WHO ResponseIn December 2018, WHO established a global, multi-disciplinary Expert Advisory Committee to examine the scientific, ethical, social and legal challenges associated with human genome editing (somatic, that is, non-heritable; germline, involving in vitro
    studies on early embryos, gametes or their precursors; and heritable, where embryos subject to genome editing are used to establish pregnancies and create individuals who could pass on the edit to their offspring).The Committee was tasked to advise and make recommendations on appropriate institutional, national, regional and global governance mechanisms for human genome editing. During its work, the Committee reviewed the current literature on human genome editing
    research and its applications, considered existing proposals for governance and relevant ongoing initiatives, and gathered information on a range of topics relating to the different uses of this technology. The Committee consulted widely and built
    on existing initiatives to develop a governance framework and recommendations on the governance and oversight of human genome editing.In July 2021, the Committee published a governance framework for human genome editing and recommendations on human genome editing. Additional outputs of the Committee include aglobal registry on human genome editing,a policy statement by the Director-General on germline human genome editingand thereportsof the Committee’s work.Questions and answersGenomicsHuman Genome Editing RegistryDatabases and toolsHuman Genome Editing (HGE) RegistryInitiatives and groupsExpert Advisory Committee on Developing Global Standards for Governance and Oversight of Human Genome EditingTechnical workHealth Ethics and Governance UnitNewsAll →5 August 2021Departmental updateObituary: Dr Ana Sánchez Urrutia, member of WHO Expert Advisory Committee on Developing Global Standards for Governance and Oversight of Human Genome Editing12 July 2021News releaseWHO issues new recommendations on human genome editing  for the advancement of public health8 November 2019Departmental updateHuman Genome Editing: As we explore options for global governance, caution must be our watchword29 August 2019News releaseWHO launches global registry on human genome editingPublicationsAll →12 July 2021Human genome editing: position paperThe recent application of tools, such as CRISPR-Cas9 (clustered regularly interspaced short palindromic repeats; Cas9 nuclease), to edit the human genome...DownloadRead More12 July 2021Human genome editing: recommendationsThe recent application of tools, such as CRISPR-Cas9 (clustered regularly interspaced short palindromic repeats; Cas9 nuclease), to edit the human genome...DownloadRead More12 July 2021Human genome editing: a framework for governanceThe recent application of tools, such as CRISPR-Cas9 (clustered regularly interspaced short palindromic repeats; Cas9 nuclease), to edit the human genome...DownloadRead More20 May 2021Current capabilities for human genome editing: report for the WHO expert advisory committee on developing...Context
To develop enduring global standards for governance and oversight of human genome
editing, it is necessary both to define the genome editing...DownloadRead MoreOur workEngaging the global community in health ethicsDeveloping normative guidance to address ethical challenges in global healthEnsuring responsible use of life sciences researchEnsuring ethical standards and procedures for research with human beingsMultimedia17 September 2021Human genome editing: A framework for governance and recommendations ENGLISH AUDIORelated health topicsSocio-political determinantsGlobal health ethics Human genome editingOverviewImpactWHO ResponseMoreOverviewGenome editing is a method for making specific changes to the DNA of a cell or organism. It can be used to add, remove or alter DNA in the genome. Human genome editing technologies can be used on somatic cells (non-heritable), germline cells (not for reproduction) and germline cells (for reproduction).Application of somatic human genome editing has already been undertaken, including in vivo editing, to address HIV and sickle-cell disease, for example. Although somatic human genome editing is well established and acceptable for treatments in some scientifically advanced countries with regulations in place, challenges remain. These include the need to develop inclusive genome editing innovations that take note of the diversity of the human population and human experience. Other challenges are associated with rogue clinics, medical travel, as well as the reporting of illegal, unregistered, unethical or unsafe research and other activities including the offer of unproven so-called therapeutic interventions.Heritable human genome editing refers to editing of nuclear DNA in a way that may be heritable across generations. Heritable human genome editing is the subject of intense debate over its possible consequences for offspring and for society in general. They may pose greater safety and ethical issues than somatic human genome editing.ImpactThe recent application of tools, such as CRISPR-Cas9, to edit the human genome with the intention to treating or preventing disease and the gaps in our scientific understanding raise ethical issues that have highlighted the need for robust oversight in this area. Current, potential and speculative human genome editing research will go beyond national borders, as will possible societal effects. This applies equally to somatic, germline and heritable human genome editing, although the latter is generally considered to be of greater ethical concern. Therefore, governance for this technology is needed at national and transnational levels. Some of the necessary governance structures and processes already exist. These may need to be reinforced or amended; where such structures and processes are lacking, gaps need to be filled.Application of heritable human genome editing is likely to be a much more limited activity in the coming years. To help ensure heritable human genome editing does not proceed prematurely to clinical trials, the WHO Expert Advisory Committee recommended, and the WHO Director-General subsequently made, a policy statement in July 2019 clarifying that “it would be irresponsible at this time for anyone to proceed with clinical applications of human germline genome editing.”WHO ResponseIn December 2018, WHO established a global, multi-disciplinary Expert Advisory Committee to examine the scientific, ethical, social and legal challenges associated with human genome editing (somatic, that is, non-heritable; germline, involving in vitro
    studies on early embryos, gametes or their precursors; and heritable, where embryos subject to genome editing are used to establish pregnancies and create individuals who could pass on the edit to their offspring).The Committee was tasked to advise and make recommendations on appropriate institutional, national, regional and global governance mechanisms for human genome editing. During its work, the Committee reviewed the current literature on human genome editing
    research and its applications, considered existing proposals for governance and relevant ongoing initiatives, and gathered information on a range of topics relating to the different uses of this technology. The Committee consulted widely and built
    on existing initiatives to develop a governance framework and recommendations on the governance and oversight of human genome editing.In July 2021, the Committee published a governance framework for human genome editing and recommendations on human genome editing. Additional outputs of the Committee include aglobal registry on human genome editing,a policy statement by the Director-General on germline human genome editingand thereportsof the Committee’s work.Questions and answersGenomicsHuman Genome Editing RegistryDatabases and toolsHuman Genome Editing (HGE) RegistryInitiatives and groupsExpert Advisory Committee on Developing Global Standards for Governance and Oversight of Human Genome EditingTechnical workHealth Ethics and Governance Unit Human genome editing OverviewImpactWHO ResponseMoreOverviewGenome editing is a method for making specific changes to the DNA of a cell or organism. It can be used to add, remove or alter DNA in the genome. Human genome editing technologies can be used on somatic cells (non-heritable), germline cells (not for reproduction) and germline cells (for reproduction).Application of somatic human genome editing has already been undertaken, including in vivo editing, to address HIV and sickle-cell disease, for example. Although somatic human genome editing is well established and acceptable for treatments in some scientifically advanced countries with regulations in place, challenges remain. These include the need to develop inclusive genome editing innovations that take note of the diversity of the human population and human experience. Other challenges are associated with rogue clinics, medical travel, as well as the reporting of illegal, unregistered, unethical or unsafe research and other activities including the offer of unproven so-called therapeutic interventions.Heritable human genome editing refers to editing of nuclear DNA in a way that may be heritable across generations. Heritable human genome editing is the subject of intense debate over its possible consequences for offspring and for society in general. They may pose greater safety and ethical issues than somatic human genome editing.ImpactThe recent application of tools, such as CRISPR-Cas9, to edit the human genome with the intention to treating or preventing disease and the gaps in our scientific understanding raise ethical issues that have highlighted the need for robust oversight in this area. Current, potential and speculative human genome editing research will go beyond national borders, as will possible societal effects. This applies equally to somatic, germline and heritable human genome editing, although the latter is generally considered to be of greater ethical concern. Therefore, governance for this technology is needed at national and transnational levels. Some of the necessary governance structures and processes already exist. These may need to be reinforced or amended; where such structures and processes are lacking, gaps need to be filled.Application of heritable human genome editing is likely to be a much more limited activity in the coming years. To help ensure heritable human genome editing does not proceed prematurely to clinical trials, the WHO Expert Advisory Committee recommended, and the WHO Director-General subsequently made, a policy statement in July 2019 clarifying that “it would be irresponsible at this time for anyone to proceed with clinical applications of human germline genome editing.”WHO ResponseIn December 2018, WHO established a global, multi-disciplinary Expert Advisory Committee to examine the scientific, ethical, social and legal challenges associated with human genome editing (somatic, that is, non-heritable; germline, involving in vitro
    studies on early embryos, gametes or their precursors; and heritable, where embryos subject to genome editing are used to establish pregnancies and create individuals who could pass on the edit to their offspring).The Committee was tasked to advise and make recommendations on appropriate institutional, national, regional and global governance mechanisms for human genome editing. During its work, the Committee reviewed the current literature on human genome editing
    research and its applications, considered existing proposals for governance and relevant ongoing initiatives, and gathered information on a range of topics relating to the different uses of this technology. The Committee consulted widely and built
    on existing initiatives to develop a governance framework and recommendations on the governance and oversight of human genome editing.In July 2021, the Committee published a governance framework for human genome editing and recommendations on human genome editing. Additional outputs of the Committee include aglobal registry on human genome editing,a policy statement by the Director-General on germline human genome editingand thereportsof the Committee’s work.Questions and answersGenomicsHuman Genome Editing RegistryDatabases and toolsHuman Genome Editing (HGE) RegistryInitiatives and groupsExpert Advisory Committee on Developing Global Standards for Governance and Oversight of Human Genome EditingTechnical workHealth Ethics and Governance Unit Genome editing is a method for making specific changes to the DNA of a cell or organism. It can be used to add, remove or alter DNA in the genome. Human genome editing technologies can be used on somatic cells (non-heritable), germline cells (not for reproduction) and germline cells (for reproduction). Application of somatic human genome editing has already been undertaken, including in vivo editing, to address HIV and sickle-cell disease, for example. Although somatic human genome editing is well established and acceptable for treatments in some scientifically advanced countries with regulations in place, challenges remain. These include the need to develop inclusive genome editing innovations that take note of the diversity of the human population and human experience. Other challenges are associated with rogue clinics, medical travel, as well as the reporting of illegal, unregistered, unethical or unsafe research and other activities including the offer of unproven so-called therapeutic interventions. Heritable human genome editing refers to editing of nuclear DNA in a way that may be heritable across generations. Heritable human genome editing is the subject of intense debate over its possible consequences for offspring and for society in general. They may pose greater safety and ethical issues than somatic human genome editing. The recent application of tools, such as CRISPR-Cas9, to edit the human genome with the intention to treating or preventing disease and the gaps in our scientific understanding raise ethical issues that have highlighted the need for robust oversight in this area. Current, potential and speculative human genome editing research will go beyond national borders, as will possible societal effects. This applies equally to somatic, germline and heritable human genome editing, although the latter is generally considered to be of greater ethical concern. Therefore, governance for this technology is needed at national and transnational levels. Some of the necessary governance structures and processes already exist. These may need to be reinforced or amended; where such structures and processes are lacking, gaps need to be filled. Application of heritable human genome editing is likely to be a much more limited activity in the coming years. To help ensure heritable human genome editing does not proceed prematurely to clinical trials, the WHO Expert Advisory Committee recommended, and the WHO Director-General subsequently made, a policy statement in July 2019 clarifying that “it would be irresponsible at this time for anyone to proceed with clinical applications of human germline genome editing.” In December 2018, WHO established a global, multi-disciplinary Expert Advisory Committee to examine the scientific, ethical, social and legal challenges associated with human genome editing (somatic, that is, non-heritable; germline, involving in vitro
    studies on early embryos, gametes or their precursors; and heritable, where embryos subject to genome editing are used to establish pregnancies and create individuals who could pass on the edit to their offspring). The Committee was tasked to advise and make recommendations on appropriate institutional, national, regional and global governance mechanisms for human genome editing. During its work, the Committee reviewed the current literature on human genome editing
    research and its applications, considered existing proposals for governance and relevant ongoing initiatives, and gathered information on a range of topics relating to the different uses of this technology. The Committee consulted widely and built
    on existing initiatives to develop a governance framework and recommendations on the governance and oversight of human genome editing. In July 2021, the Committee published a governance framework for human genome editing and recommendations on human genome editing. Additional outputs of the Committee include aglobal registry on human genome editing,a policy statement by the Director-General on germline human genome editingand thereportsof the Committee’s work. News Obituary: Dr Ana Sánchez Urrutia, member of WHO Expert Advisory Committee on Developing Global Standards for Governance and Oversight of Human Genome Editing WHO issues new recommendations on human genome editing  for the advancement of public health Human Genome Editing: As we explore options for global governance, caution must be our watchword WHO launches global registry on human genome editing Publications Human genome editing: position paper The recent application of tools, such as CRISPR-Cas9 (clustered regularly interspaced short palindromic repeats; Cas9 nuclease), to edit the human genome... Human genome editing: recommendations The recent application of tools, such as CRISPR-Cas9 (clustered regularly interspaced short palindromic repeats; Cas9 nuclease), to edit the human genome... Human genome editing: a framework for governance The recent application of tools, such as CRISPR-Cas9 (clustered regularly interspaced short palindromic repeats; Cas9 nuclease), to edit the human genome... Current capabilities for human genome editing: report for the WHO expert advisory committee on developing... Context
To develop enduring global standards for governance and oversight of human genome
editing, it is necessary both to define the genome editing... Our work Engaging the global community in health ethics Developing normative guidance to address ethical challenges in global health Ensuring responsible use of life sciences research Ensuring ethical standards and procedures for research with human beings Multimedia Human genome editing: A framework for governance and recommendations ENGLISH AUDIO Related health topics Global health ethics",Recommendation 8: Any country in which the clinical use of heritable human genome editing (HHGE) is being considered should have mechanisms and competent regulatory bodies to ensure that all of the following conditions are met: [List of conditions for HHGE clinical use].,2021-10-20
Heritable Human Genome Editing,2023,who.int,https://www.who.int/publications/i/item/WHO-SCI-RFH-2019-02,WHO expert advisory committee on developing global standards for ...,"WHO warns of slowing global health gains in new statistics report Expression of gratitude to members of WHO senior leadership team People in Gaza starving, sick and dying as aid blockade continues WHO expert advisory committee on developing global standards for governance and oversight of human genome editing: report of the second meetingGeneva, Switzerland, 26–28 August 201916 September 2019|Meeting reportDownload(474.6 kB)OverviewBackgroundThe World Health Organization (WHO) has established a global, multi-disciplinaryexpert panel to examine the scientific, ethical, social and legal challenges associated withhuman genome editing (both somatic and germline). The Committee includes membersfrom Africa, Asia, Europe, the Middle East, Oceania, North America and SouthAmerica.The Committee has been tasked to advise and make recommendations on appropriateinstitutional, national, regional and global governance mechanisms for human genomeediting. During the course of its work, the Committee will review literature on current humangenome editing research and its applications, consider existing proposals for governance andrelevant ongoing initiatives, as well as solicit information about societal attitudes towards thedifferent uses of this technology. The Committee will explore how best to promotetransparent and trustworthy practices and how to ensure appropriate assessments areperformed prior to any relevant work being undertaken.Work of the meetingFrom 26–28 August 2019, all 18 members of the Committee, observers from 12
organizations, and nine invited experts met in Geneva, Switzerland (Annex 1). The meeting
was opened by Dr Tedros Adhanom Ghebreyesus, Director-General of the WHO.At its second substantive session, the meeting was briefed by the Committee’s working
groups on: establishing a registry of relevant research and development, including efforts to
make use of WHO’s International Clinical Trials Registry Platform; and responsible
scientific stewardship, on their work on whistleblowing and ethics dumping. The meeting
was also briefed on a background document on elements for a governance framework
captured during its first meeting and subsequent discussions.First report of the CommitteeRead moreHealth Ethics & GovernanceWHO TeamHealth Ethics & Governance (HEG),Research for Health (RFH)Number of pages17Reference numbersWHO Reference Number:WHO/SCI/RFH/2019.02Copyright WHO expert advisory committee on developing global standards for governance and oversight of human genome editing: report of the second meetingGeneva, Switzerland, 26–28 August 201916 September 2019|Meeting reportDownload(474.6 kB)OverviewBackgroundThe World Health Organization (WHO) has established a global, multi-disciplinaryexpert panel to examine the scientific, ethical, social and legal challenges associated withhuman genome editing (both somatic and germline). The Committee includes membersfrom Africa, Asia, Europe, the Middle East, Oceania, North America and SouthAmerica.The Committee has been tasked to advise and make recommendations on appropriateinstitutional, national, regional and global governance mechanisms for human genomeediting. During the course of its work, the Committee will review literature on current humangenome editing research and its applications, consider existing proposals for governance andrelevant ongoing initiatives, as well as solicit information about societal attitudes towards thedifferent uses of this technology. The Committee will explore how best to promotetransparent and trustworthy practices and how to ensure appropriate assessments areperformed prior to any relevant work being undertaken.Work of the meetingFrom 26–28 August 2019, all 18 members of the Committee, observers from 12
organizations, and nine invited experts met in Geneva, Switzerland (Annex 1). The meeting
was opened by Dr Tedros Adhanom Ghebreyesus, Director-General of the WHO.At its second substantive session, the meeting was briefed by the Committee’s working
groups on: establishing a registry of relevant research and development, including efforts to
make use of WHO’s International Clinical Trials Registry Platform; and responsible
scientific stewardship, on their work on whistleblowing and ethics dumping. The meeting
was also briefed on a background document on elements for a governance framework
captured during its first meeting and subsequent discussions.First report of the CommitteeRead moreHealth Ethics & GovernanceWHO TeamHealth Ethics & Governance (HEG),Research for Health (RFH)Number of pages17Reference numbersWHO Reference Number:WHO/SCI/RFH/2019.02Copyright WHO expert advisory committee on developing global standards for governance and oversight of human genome editing: report of the second meeting Geneva, Switzerland, 26–28 August 2019 Download(474.6 kB)OverviewBackgroundThe World Health Organization (WHO) has established a global, multi-disciplinaryexpert panel to examine the scientific, ethical, social and legal challenges associated withhuman genome editing (both somatic and germline). The Committee includes membersfrom Africa, Asia, Europe, the Middle East, Oceania, North America and SouthAmerica.The Committee has been tasked to advise and make recommendations on appropriateinstitutional, national, regional and global governance mechanisms for human genomeediting. During the course of its work, the Committee will review literature on current humangenome editing research and its applications, consider existing proposals for governance andrelevant ongoing initiatives, as well as solicit information about societal attitudes towards thedifferent uses of this technology. The Committee will explore how best to promotetransparent and trustworthy practices and how to ensure appropriate assessments areperformed prior to any relevant work being undertaken.Work of the meetingFrom 26–28 August 2019, all 18 members of the Committee, observers from 12
organizations, and nine invited experts met in Geneva, Switzerland (Annex 1). The meeting
was opened by Dr Tedros Adhanom Ghebreyesus, Director-General of the WHO.At its second substantive session, the meeting was briefed by the Committee’s working
groups on: establishing a registry of relevant research and development, including efforts to
make use of WHO’s International Clinical Trials Registry Platform; and responsible
scientific stewardship, on their work on whistleblowing and ethics dumping. The meeting
was also briefed on a background document on elements for a governance framework
captured during its first meeting and subsequent discussions.First report of the CommitteeRead moreHealth Ethics & GovernanceWHO TeamHealth Ethics & Governance (HEG),Research for Health (RFH)Number of pages17Reference numbersWHO Reference Number:WHO/SCI/RFH/2019.02Copyright Overview Background The World Health Organization (WHO) has established a global, multi-disciplinaryexpert panel to examine the scientific, ethical, social and legal challenges associated withhuman genome editing (both somatic and germline). The Committee includes membersfrom Africa, Asia, Europe, the Middle East, Oceania, North America and SouthAmerica. The Committee has been tasked to advise and make recommendations on appropriateinstitutional, national, regional and global governance mechanisms for human genomeediting. During the course of its work, the Committee will review literature on current humangenome editing research and its applications, consider existing proposals for governance andrelevant ongoing initiatives, as well as solicit information about societal attitudes towards thedifferent uses of this technology. The Committee will explore how best to promotetransparent and trustworthy practices and how to ensure appropriate assessments areperformed prior to any relevant work being undertaken. Work of the meeting From 26–28 August 2019, all 18 members of the Committee, observers from 12
organizations, and nine invited experts met in Geneva, Switzerland (Annex 1). The meeting
was opened by Dr Tedros Adhanom Ghebreyesus, Director-General of the WHO. At its second substantive session, the meeting was briefed by the Committee’s working
groups on: establishing a registry of relevant research and development, including efforts to
make use of WHO’s International Clinical Trials Registry Platform; and responsible
scientific stewardship, on their work on whistleblowing and ethics dumping. The meeting
was also briefed on a background document on elements for a governance framework
captured during its first meeting and subsequent discussions. First report of the Committee Read more Health Ethics & Governance",Recommendation 8: Any country in which the clinical use of heritable human genome editing (HHGE) is being considered should have mechanisms and competent regulatory bodies to ensure that all of the following conditions are met: [List of conditions for HHGE clinical use].,2019-09-16
Heritable Human Genome Editing,2023,nytimes.com,https://www.nytimes.com/2020/10/22/opinion/sway-kara-swisher-jennifer-doudna.html,Opinion | Kara Swisher and Dr. Jennifer Doudna on CRISPR and Its ...,,"Recommendation 9: An International Scientific Advisory Panel (ISAP) should be established with clear roles and responsibilities before any clinical use of heritable human genome editing (HHGE). The ISAP should have a diverse, multidisciplinary membership and should include independent experts who can assess scientific evidence of safety and efficacy of both genome editing and associated assisted reproductive technologies. The ISAP should: • provide regular updates on advances in, and the evaluation of, the technologies that HHGE would depend on and recommend further research developments that would be required to reach technical or translational milestones; • assess whether preclinical requirements have been met for any circumstances in which HHGE may be considered for clinical use; • review data on clinical outcomes from any regulated uses of HHGE and advise on the scientific and clinical risks and potential benefits of possible further applications; and • provide input and advice on any responsible translational pathway to the international body described in Recommendation 10, as well as at the request of national regulators.",2020-10-22
Heritable Human Genome Editing,2023,nih.gov,https://pmc.ncbi.nlm.nih.gov/articles/PMC10775503/,Comprehensive review of CRISPR-based gene editing ...,"Comprehensive review of CRISPR-based gene editing: mechanisms, challenges, and applications in cancer therapy. The CRISPR system is a revolutionary genome editing tool that has the potential to revolutionize the field of cancer research and therapy. The ability to precisely target and edit specific genetic mutations that drive the growth and spread of tumors has opened up new possibilities for the development of more effective and personalized cancer treatments. In this review, we will discuss the different CRISPR-based strategies that have been proposed for cancer therapy, including inactivating genes that drive tumor growth, enhancing the immune response to cancer cells, repairing genetic mutations that cause cancer, and delivering cancer-killing molecules directly to tumor cells. We will also summarize the current state of preclinical studies and clinical trials of CRISPR-based cancer therapy, highlighting the most promising results and the challenges that still need to be overcome. Safety and delivery are also important challenges for CRISPR-based cancer therapy to become a viable clinical option. We will discuss the challenges and limitations that need to be overcome, such as off-target effects, safety, and delivery to the tumor site. Finally, we will provide an overview of the current challenges and opportunities in the field of CRISPR-based cancer therapy and discuss future directions for research and development. The CRISPR system has the potential to change the landscape of cancer research, and this review aims to provide an overview of the current state of the field and the challenges that need to be overcome to realize this potential.","Recommendation 9: An International Scientific Advisory Panel (ISAP) should be established with clear roles and responsibilities before any clinical use of heritable human genome editing (HHGE). The ISAP should have a diverse, multidisciplinary membership and should include independent experts who can assess scientific evidence of safety and efficacy of both genome editing and associated assisted reproductive technologies. The ISAP should: • provide regular updates on advances in, and the evaluation of, the technologies that HHGE would depend on and recommend further research developments that would be required to reach technical or translational milestones; • assess whether preclinical requirements have been met for any circumstances in which HHGE may be considered for clinical use; • review data on clinical outcomes from any regulated uses of HHGE and advise on the scientific and clinical risks and potential benefits of possible further applications; and • provide input and advice on any responsible translational pathway to the international body described in Recommendation 10, as well as at the request of national regulators.",2024-01-09
Heritable Human Genome Editing,2023,nih.gov,https://pmc.ncbi.nlm.nih.gov/articles/PMC11444627/,Advancing life: innovative approaches to enhance survival in sickle ...,"Advancing life: innovative approaches to enhance survival in sickle cell anemia patients. Sickle cell anemia (SCA) is a severe genetic disorder characterized by the production of abnormal hemoglobin S, leading to the formation of sickle-shaped red blood cells that cause chronic anemia, pain, and organ damage. This review explores recent innovative strategies aimed at improving survival rates and quality of life for SCA patients. Genetic therapies, particularly gene editing with CRISPR-Cas9 and gene therapy using lentiviral vectors, have shown significant potential in correcting the genetic defects responsible for SCA. Clinical trials demonstrate that these approaches can reduce sickle cell crises and minimize the need for blood transfusions by enabling the production of healthy red blood cells. Novel pharmacological treatments such as voxelotor, crizanlizumab, and L-glutamine provide additional mechanisms to prevent hemoglobin polymerization, reduce vaso-occlusive episodes, and decrease oxidative stress, respectively. These therapies offer new hope for patients, particularly those who do not respond adequately to existing treatments. Improved blood transfusion protocols, including automated red cell exchange and advanced donor-matching techniques, have enhanced the safety and efficacy of transfusions, reducing complications like alloimmunization. Comprehensive care models, integrating multidisciplinary care teams, patient education, and telemedicine, have further contributed to better disease management. By providing holistic care that addresses both medical and psychosocial needs, these models improve patient adherence to treatment and overall health outcomes. This review highlights the importance of these innovative strategies and calls for continued research and development to sustain and expand these advancements in SCA care.","Recommendation 9: An International Scientific Advisory Panel (ISAP) should be established with clear roles and responsibilities before any clinical use of heritable human genome editing (HHGE). The ISAP should have a diverse, multidisciplinary membership and should include independent experts who can assess scientific evidence of safety and efficacy of both genome editing and associated assisted reproductive technologies. The ISAP should: • provide regular updates on advances in, and the evaluation of, the technologies that HHGE would depend on and recommend further research developments that would be required to reach technical or translational milestones; • assess whether preclinical requirements have been met for any circumstances in which HHGE may be considered for clinical use; • review data on clinical outcomes from any regulated uses of HHGE and advise on the scientific and clinical risks and potential benefits of possible further applications; and • provide input and advice on any responsible translational pathway to the international body described in Recommendation 10, as well as at the request of national regulators.",2024-10-01
Heritable Human Genome Editing,2023,nih.gov,https://pmc.ncbi.nlm.nih.gov/articles/PMC7461257/,Ethics parallel research: an approach for (early) ethical guidance of ...,"Ethics parallel research: an approach for (early) ethical guidance of biomedical innovation. Our human societies and certainly also (bio) medicine are more and more permeated with technology. There seems to be an increasing awareness among bioethicists that an effective and comprehensive approach to ethically guide these emerging biomedical innovations into society is needed. Such an approach has not been spelled out yet for bioethics, while there are frequent calls for ethical guidance of biomedical innovation, also by biomedical researchers themselves. New and emerging biotechnologies require anticipation of possible effects and implications, meaning the scope is not evaluative after a technology has been fully developed or about hypothetical technologies, but real-time for a real biotechnology. In this paper we aim to substantiate and discuss six ingredients that we increasingly see adopted by ethicists and that together constitute ""ethics parallel research"". This approach allows to fulfil two aims: guiding the development process of technologies in biomedicine and providing input for the normative evaluation of such technologies. The six ingredients of ethics parallel research are: (1) disentangling wicked problems, (2) upstream or midstream ethical analysis, (3) ethics from within, (4) inclusion of empirical research, (5) public participation and (6) mapping societal impacts, including hard and soft impacts. We will draw on gene editing, organoid technology and artificial intelligence as examples to illustrate these six ingredients. Ethics parallel research brings together these ingredients to ethically analyse and proactively or parallel guide technological development. It widens the roles and judgements from the ethicist to a more anticipatory and constructively guiding role. Ethics parallel research is characterised by a constructive, rather than a purely critical perspective, it focusses on developing best-practices rather than outlining worst practice, and draws on insights from social sciences and philosophy of technology.","Recommendation 9: An International Scientific Advisory Panel (ISAP) should be established with clear roles and responsibilities before any clinical use of heritable human genome editing (HHGE). The ISAP should have a diverse, multidisciplinary membership and should include independent experts who can assess scientific evidence of safety and efficacy of both genome editing and associated assisted reproductive technologies. The ISAP should: • provide regular updates on advances in, and the evaluation of, the technologies that HHGE would depend on and recommend further research developments that would be required to reach technical or translational milestones; • assess whether preclinical requirements have been met for any circumstances in which HHGE may be considered for clinical use; • review data on clinical outcomes from any regulated uses of HHGE and advise on the scientific and clinical risks and potential benefits of possible further applications; and • provide input and advice on any responsible translational pathway to the international body described in Recommendation 10, as well as at the request of national regulators.",2020-09-01
Heritable Human Genome Editing,2023,nih.gov,https://pmc.ncbi.nlm.nih.gov/articles/PMC11489040/,The Role of CRISPR/Cas9 in Revolutionizing Duchenne's Muscular ...,"The Role of CRISPR/Cas9 in Revolutionizing Duchenne's Muscular Dystrophy Treatment: Opportunities and Obstacles. Duchenne's muscular dystrophy (DMD) is a severe X-linked disorder characterized by progressive muscle degeneration, leading to loss of ambulation, respiratory failure, and premature death. It affects approximately 1 in 3,500 live male births and is caused by mutations in the dystrophin gene, which impairs muscle fiber stability. Current treatments are limited to managing symptoms and slowing disease progression, with no curative therapies available. The advent of CRISPR/Cas9 gene-editing technology has introduced a promising approach for directly correcting the genetic mutations responsible for DMD. This review explores the potential of CRISPR/Cas9 as a transformative therapy for DMD, highlighting its successes in preclinical models, the challenges associated with its delivery, and the obstacles to its clinical application. While preclinical studies demonstrate the efficacy of CRISPR/Cas9 in restoring dystrophin expression and improving muscle function, significant hurdles remain, including optimizing delivery methods and ensuring long-term safety.","Recommendation 9: An International Scientific Advisory Panel (ISAP) should be established with clear roles and responsibilities before any clinical use of heritable human genome editing (HHGE). The ISAP should have a diverse, multidisciplinary membership and should include independent experts who can assess scientific evidence of safety and efficacy of both genome editing and associated assisted reproductive technologies. The ISAP should: • provide regular updates on advances in, and the evaluation of, the technologies that HHGE would depend on and recommend further research developments that would be required to reach technical or translational milestones; • assess whether preclinical requirements have been met for any circumstances in which HHGE may be considered for clinical use; • review data on clinical outcomes from any regulated uses of HHGE and advise on the scientific and clinical risks and potential benefits of possible further applications; and • provide input and advice on any responsible translational pathway to the international body described in Recommendation 10, as well as at the request of national regulators.",2024-12-01
Heritable Human Genome Editing,2023,nih.gov,https://pmc.ncbi.nlm.nih.gov/articles/PMC9772004/,Health horizons: Future trends and technologies from the European ...,"Health horizons: Future trends and technologies from the European Medicines Agency's horizon scanning collaborations. In medicines development, the progress in science and technology is accelerating. Awareness of these developments and their associated challenges and opportunities is essential for medicines regulators and others to translate them into benefits for society. In this context, the European Medicines Agency uses horizon scanning to shine a light on early signals of relevant innovation and technological trends with impact on medicinal products. This article provides the results of systematic horizon scanning exercises conducted by the Agency, in collaboration with the World Health Organization (WHO) and the European Commission's Joint Research Centre's (DG JRC). These collaborative exercises aim to inform policy-makers of new trends and increase preparedness in responding to them. A subset of 25 technological trends, divided into three clusters were selected and reviewed from the perspective of medicines regulators. For each of these trends, the expected impact and challenges for their adoption are discussed, along with recommendations for developers, regulators and policy makers.","Recommendation 9: An International Scientific Advisory Panel (ISAP) should be established with clear roles and responsibilities before any clinical use of heritable human genome editing (HHGE). The ISAP should have a diverse, multidisciplinary membership and should include independent experts who can assess scientific evidence of safety and efficacy of both genome editing and associated assisted reproductive technologies. The ISAP should: • provide regular updates on advances in, and the evaluation of, the technologies that HHGE would depend on and recommend further research developments that would be required to reach technical or translational milestones; • assess whether preclinical requirements have been met for any circumstances in which HHGE may be considered for clinical use; • review data on clinical outcomes from any regulated uses of HHGE and advise on the scientific and clinical risks and potential benefits of possible further applications; and • provide input and advice on any responsible translational pathway to the international body described in Recommendation 10, as well as at the request of national regulators.",2022-01-01
